filename, book, camera, candle, figurine, flowers, plants
7fd113554866576cf858865e13f19526_jpg.rf.00ae49fabad85667c88d843c903dc4a3.jpg, 1, 0, 0, 0, 0, 0
e1e5babdbdbbd5e496d8537890de0fd3_jpg.rf.013d6d98b5088b5d4a025ea466769dbc.jpg, 1, 0, 0, 0, 0, 0
f5610d16e2a80cf9d967a8d09b5e71c9_jpg.rf.039f52b708381175fb3bce1d434e1203.jpg, 1, 0, 0, 0, 0, 0
5e7b199516ec292e0789e57f8c792822_jpg.rf.0531f4d1e9a77c5f896479b8705c9c11.jpg, 1, 0, 0, 0, 0, 0
b7b152ea892e5a80ccacc35f9eec5bb8_jpg.rf.023a4d42878d3ac332e627b776c54a9b.jpg, 1, 0, 0, 0, 0, 0
1a06c3e1892f7f096c9d9710a37cf647_jpg.rf.00cf06a8fb8d4da32406a2e6c99fbdf9.jpg, 1, 0, 0, 0, 1, 0
b0ae08bb52c0b2204f95b13f02fc101a_jpg.rf.01bfb7f49b70984851493df3d2159453.jpg, 1, 0, 0, 0, 0, 0
bookshelf-1-_jpeg_jpg.rf.018a20372cb015505157e4979d1c7559.jpg, 1, 0, 0, 0, 0, 0
6fdd9008b61981e5a81c234f70021faf_jpg.rf.06631705284b4e72b7bd1386418f3eb9.jpg, 1, 0, 1, 0, 0, 0
dfeb0fda8124edb8d1fcfc2cf78e3f3a_jpg.rf.08b3c0f2e1c3d31a5540639c58ec57b5.jpg, 1, 0, 1, 0, 1, 0
fc3b33e8fc384b40412205aee1fb287e_jpg.rf.08d7cafdcac9a86a0a4959863cd8d7e4.jpg, 1, 0, 0, 0, 0, 0
IMG_20240708_182143_jpg.rf.056098e36a9210d9a45f450463a835fb.jpg, 1, 0, 0, 0, 0, 0
2e79aa08f0c632af96cf18755df80d48_jpg.rf.07577eb116a7678ca9d079b9f0188ef8.jpg, 1, 0, 0, 0, 0, 0
319ca8f830f034e0b7ca7901ceb31f06_jpg.rf.04d32054852745dbb9d4acb3a36b4486.jpg, 1, 0, 0, 0, 0, 0
9eda8afa9c1976bc0c50a767328547cd_jpg.rf.03dc3646baef82fd9a3a69bc15f24bcb.jpg, 1, 0, 0, 0, 0, 0
bf271f82be7c4df7b0d24d8a696be1ca_jpg.rf.08a89f461588633f84357601f937ed74.jpg, 1, 0, 0, 0, 0, 0
82d8e6bf8d64c66e9241e0d9f370a954_jpg.rf.03d7ebf16e870553d37d53d2c129eb5c.jpg, 1, 0, 0, 0, 1, 0
f947da97b0db7c78ef20283b74846a37_jpg.rf.09980ae667b12b01060ba2ced88fc8b6.jpg, 1, 0, 0, 0, 0, 0
f8a9769d72b626b693a4471549795405_jpg.rf.02dffe2a6ed13ba9db243ccc2d9e8390.jpg, 1, 0, 0, 0, 0, 1
photo_2024-07-15_14-01-59-2-_jpg.rf.06503fce2781d54dfbe0c8253fbdf3ae.jpg, 1, 0, 0, 0, 0, 0
596fe51a09b62b2e90ff93e48da6bf43_jpg.rf.02a514a23c95b7e8c68ef1fc112d130f.jpg, 1, 0, 0, 0, 0, 0
ad526b7d7074e433017704c0cafdd150_jpg.rf.08e8902a0ff8e247f794064e776d9457.jpg, 1, 0, 0, 0, 0, 0
Paperback-1200x628-1-1-_jpg.rf.07603d59640c0f0681903117b376f9a3.jpg, 1, 0, 0, 0, 0, 0
1b360f15d7af8e41877efde4416c01d7_jpg.rf.0a0de339ec452cd1848e183f0ab87af3.jpg, 1, 0, 0, 0, 1, 0
44c1894b02c81a626247285529e1ff66_jpg.rf.063c0f80bdeddbbbbe126ab38f242a82.jpg, 1, 0, 0, 0, 0, 0
4d2740bdfb7e4c534b464c75a351f810_jpg.rf.0cd42e0794e90541486046735376da6f.jpg, 1, 0, 0, 0, 0, 0
photo_2024-07-12_17-11-56-2-_jpg.rf.0b15b6d8bc9cb5b4d67c63c2b097dfba.jpg, 1, 0, 0, 0, 0, 0
386d2cdefdfc151a81fa2c218bd9dd82_jpg.rf.0a4b1642506486b82435ada99ba35263.jpg, 1, 0, 0, 0, 0, 0
113bb2f35298ff1f4df7c121b6047cc7_jpg.rf.0dea167723f6808d0a44ff46284615e0.jpg, 1, 0, 0, 0, 0, 1
04a5eaf76ff42ddbf2dab4ab0b99b709_jpg.rf.0ceb642979261db835b3a83c20e78354.jpg, 1, 0, 0, 0, 0, 0
419e85ff7973e96dbec19da0b3ad8bd5_jpg.rf.11645e41cbf510054cb82f686f593a5b.jpg, 1, 0, 0, 0, 0, 0
ef4c96662286017d4422cd5c9989539c_jpg.rf.0c3da6c1968cc849b4f94968c02ced75.jpg, 1, 0, 0, 0, 0, 0
7826372063ecd68e5d92dbc7409bfbf6_jpg.rf.0de61ce1bfa4403dc864520854821afb.jpg, 1, 0, 0, 0, 0, 0
f44af961e1794e7d4310d8ee49176459_jpg.rf.0fefcc446296b763a929b68d832944c4.jpg, 1, 0, 0, 0, 0, 0
WhatsApp-Image-2022-01-05-at-15-38-54-1-_jpeg_jpg.rf.0cf8334c91f8e2593b6afaa29674b65a.jpg, 1, 0, 0, 0, 0, 0
d7b2b0047c31e8154c2c0326c4807194_jpg.rf.11200ab8e4f8bb48a646909d56dddba6.jpg, 1, 0, 0, 0, 0, 0
c502b6696930fadb41ceac270ce2198f_jpg.rf.111afa38f5d58b8e7ba272eb77ea8213.jpg, 1, 0, 0, 0, 0, 0
60ec0974e1c43e43cf990916fa6c4d8f_jpg.rf.0d2f9f90fd61bf22f8861b84c17622a3.jpg, 1, 0, 0, 0, 0, 0
8bd5d40cf6092217874a2dfa0cf9993b_jpg.rf.0df0d5511adc63db12ba382ae8e406f4.jpg, 1, 0, 0, 0, 0, 0
cfb0b26056c2b22b3fb2c17e921a40ab_jpg.rf.0f4bf23ebfd08084d65f49141537cb7c.jpg, 1, 0, 0, 0, 0, 0
20241008_145322_jpg.rf.0d295786b4625c12619d6d9bb727455c.jpg, 1, 0, 0, 0, 0, 0
6cb569df144b4461e06424a7873e8cc7_jpg.rf.1125caf2442b6c3c8a1aa8caa2ff1813.jpg, 1, 0, 0, 0, 0, 0
9c00db175f56b4fc280d89e060d8ea5d_jpg.rf.0f0acb187f1280540879cf5f5a9a8e86.jpg, 1, 0, 0, 0, 0, 0
2d54860118a4c00c86815f719355abaf_jpg.rf.09b5d6627144a666dded30e3ea36ecbc.jpg, 1, 0, 0, 0, 0, 0
photo_2024-07-15_14-01-49_jpg.rf.11a88e1bbbb4c530ba573b6a78a0dbd1.jpg, 1, 0, 0, 0, 0, 0
WhatsApp-Image-2022-01-05-at-15-38-53_jpeg_jpg.rf.12841cb117d324ba2162656747f5a621.jpg, 1, 0, 0, 0, 0, 0
fb2143bd995b0fc2e0dd48c08e269b33_jpg.rf.129a59f42672ac9c55da388534cbfad0.jpg, 1, 0, 0, 0, 0, 1
f11384fc3fd6d987291e510e28fd6db1_jpg.rf.13a836c029e47518c9143391938668e0.jpg, 1, 0, 0, 0, 0, 0
Untitled4_jpg.rf.0e05ff59b2a36d51a2506f106076a5fb.jpg, 1, 0, 0, 0, 0, 0
5162b4408b5b92fac5d3961e880f9430_jpg.rf.13d243f92fca4f98199a1d59baf7dffd.jpg, 1, 0, 0, 0, 0, 0
92b29c5cfd682111abb7d60cc8605640_jpg.rf.11685e91f93ff1f0f09ee430140d19d8.jpg, 1, 0, 0, 0, 0, 0
36419fb0d3915478af57856cc042baf3_jpg.rf.13cb810d073cf8b569e98367aabcdffc.jpg, 1, 0, 0, 0, 0, 0
27a8b989c6421ae97a09e4be593b91fe_jpg.rf.13dcc4c4854da8d8df23181ed3e0bbdb.jpg, 1, 0, 0, 0, 0, 0
IMG_4925_JPEG_jpg.rf.14e9d4bdf596f4c096d1692c32455591.jpg, 1, 0, 0, 0, 0, 0
c3793138c5dd415f3e3820331c97e60b_jpg.rf.11a8493ef620f8f87a2771acf99d3d09.jpg, 1, 0, 0, 0, 1, 0
photo_2024-07-15_14-01-46-2-_jpg.rf.165462f39b428cb48ef6bb32e3b6f2e4.jpg, 1, 0, 0, 0, 0, 0
9f94807850f18280e4922dd68f31f40a_jpg.rf.194adc030403855a6b11a384bbc9fb43.jpg, 1, 0, 0, 0, 0, 0
photo_2024-07-12_17-11-53-3-_jpg.rf.157fbaacf15d1dd211c0cbfa6c24e4e9.jpg, 1, 0, 0, 0, 0, 0
IMG_20210830_160211_jpg.rf.191ec26a1739b8e09a17aaa8d98fb7a7.jpg, 1, 0, 0, 0, 0, 0
a5025c61f6bfc53407515783704812ee_jpg.rf.163755829fe90f9562616a11a3c20b3d.jpg, 1, 0, 0, 0, 0, 0
a5e0018fbb9ed25d2372d7d3040fc330_jpg.rf.17ca85556a287f25fb0b613512ccc36f.jpg, 1, 0, 0, 0, 0, 0
c4dfcb6c4e9171ca2abcb708739b4208_jpg.rf.18b24cf85dbb7b55a196b61eab982992.jpg, 1, 0, 0, 0, 0, 0
6d52320ffd18cea267442426e2602dd6_jpg.rf.18401395b979bf074126d46721b172bb.jpg, 1, 0, 0, 0, 0, 0
34c086e9a388064b2d3b03d0b7f76022_jpg.rf.1532659d22ed5c0a1dfce0ccdbfc3af6.jpg, 1, 0, 0, 0, 0, 0
707890583643884a10591c020f889964_jpg.rf.198673959b111f60995990592b6cc332.jpg, 1, 0, 0, 0, 0, 0
e6c2b4cbaed67b82bdcc7e4a9ec6c332_jpg.rf.1c6640b5138b2b70fdd8624684e2efe2.jpg, 1, 0, 0, 0, 0, 0
a32cd4bb12812eff8f8e7dc8ccfb61bc_jpg.rf.19ca57d775eb4a26404dab64208e8abe.jpg, 1, 0, 0, 0, 0, 0
5a4fcd7e878306c7dca8c3c3cf2731e2_jpg.rf.1554f789d2e644ee5bf9aaa92fad9a3e.jpg, 1, 0, 0, 0, 0, 0
8dd598a105b87df2e2facf7bf0702a35_jpg.rf.19cd32deb65ab1835dc0dad7a043bb67.jpg, 1, 0, 0, 0, 0, 0
14_jpg.rf.104255f770e91efd07f8a5d2be46cb55.jpg, 1, 0, 0, 0, 0, 0
12_jpg.rf.1dd2434f64a2fb57f67df95a6bb7c43b.jpg, 1, 0, 0, 0, 0, 0
df1e4a4a3265c9bfa77d914b98c49fe6_jpg.rf.19cc3829c26048eb9c95619f7aa9d1e1.jpg, 1, 0, 0, 0, 0, 0
b29e9b3af47816c2a26d4d79c1a3323c_jpg.rf.1df4e8e06518231e964119d24e9da10d.jpg, 1, 0, 1, 0, 0, 0
dc98dd367c9bc77352544ed6c2eb82c9_jpg.rf.15fe39edd732fd7d9e95a736aee84e6a.jpg, 1, 0, 0, 0, 0, 0
bf2f8eb370fde7ab258f34b64995db0a_jpg.rf.1a2dc690bf5ef05f6ec2573ce51631d5.jpg, 1, 0, 0, 0, 0, 0
211d732291c48cbda564099b58b0228d_jpg.rf.1d1107c7556f9aa4cbdab19e76bb7ccd.jpg, 1, 0, 0, 0, 0, 0
8b301930294afa5c457dcd2a94855c38_jpg.rf.1e4741c78f14a318a4eb57e6e4121551.jpg, 1, 0, 0, 0, 0, 0
207e46c435f14ebbab815232dade881c_jpg.rf.1d0bd8bf12f59c9283146f1cca35beef.jpg, 1, 0, 0, 0, 0, 0
20241005_131751_jpg.rf.1cd6eb3c7ed50cb54a38bacbba3cd7c3.jpg, 1, 0, 0, 0, 0, 0
c4f3dad0c22eadc28d8a7d01cd4f8019_jpg.rf.1f579ed070f3b933aac9c4f820663d32.jpg, 1, 0, 0, 0, 0, 0
c813542c9d3f1b59bfe413aed250e8ac_jpg.rf.1cce8c16eb82f17dcc3ad3554d2a12ff.jpg, 1, 0, 0, 0, 0, 0
3b76a6f1c559807aad212b0b950eb192_jpg.rf.1d81758ef45dd17de7ed9db1f1bd0fcd.jpg, 1, 0, 0, 0, 1, 0
1f077ec96e8eb5615e15f0c01763f752_jpg.rf.1ab87c5c70a74ba24d1300e58983a012.jpg, 1, 0, 1, 0, 0, 0
bca0f7fe58dbd7830a542cfe84ebe565_jpg.rf.1e8790d1265242345a53c140506144cf.jpg, 1, 0, 0, 0, 0, 0
IMG_20210830_160324_jpg.rf.1ffa344e10d155694d53785e0d7676a1.jpg, 1, 0, 0, 0, 0, 0
photo_2024-07-15_14-01-57_jpg.rf.22a8874375f7eef6dec4fcdf9516dbdb.jpg, 1, 0, 0, 0, 0, 0
ce78348e5f23eee9c633677919ac3f2f_jpg.rf.1faf8c55002615cd6dc137911783cab5.jpg, 1, 0, 0, 0, 0, 0
4f58c05b62b1796e1cafbad4804c41f7_jpg.rf.1eae23f2618739d8bd760c5233dac009.jpg, 1, 0, 0, 0, 0, 0
c43d2d754f75c5776ba5038047c4cb66_jpg.rf.1be644bbb2989ad5631d395bc60ecf5b.jpg, 1, 0, 0, 0, 0, 0
photo_2024-07-12_17-11-53-2-_jpg.rf.225d1a96d20665154391c6bcbab0582c.jpg, 1, 0, 0, 0, 0, 0
photo_2024-07-12_17-11-55-5-_jpg.rf.1e77505881dc3ef65a2d3c740dab2879.jpg, 1, 0, 0, 0, 0, 0
20241008_145228_jpg.rf.22bf2bc38de89ad31c3509fba1db0a2f.jpg, 1, 0, 0, 0, 0, 0
f320deebcbcf6ddfe98d3aaeceb613cd_jpg.rf.22d7539eed23ef3e96088d1f1bf8e791.jpg, 1, 0, 0, 1, 0, 1
5234d55ebf54423f5a0062ff834aed79_jpg.rf.238e2679b21888c974252f6078019d0b.jpg, 1, 0, 0, 0, 0, 0
8781ec2b875a0d8a26cb2660f139d9bd_jpg.rf.1fe6b8ebf25b2897767a24a5236ebf4f.jpg, 1, 0, 0, 0, 0, 0
d4ab75c0b83128cedbc4868cf3e423bf_jpg.rf.1f6843440b52f6bd8311b4351045244a.jpg, 1, 0, 0, 0, 0, 0
b8ffb44f1376a58d4ff1e088e1c54493_jpg.rf.1e0a06eb2dfac97288e9c4caecd69738.jpg, 1, 0, 0, 0, 0, 0
58b86ffac0b7b5542a2524da4256cf6c_jpg.rf.237635278613156fbf605390fb1814fb.jpg, 1, 0, 0, 0, 0, 0
photo_2024-07-12_17-11-54-6-_jpg.rf.20f9dcc9c7545b5bfe7188702d1e7094.jpg, 1, 0, 0, 0, 0, 0
f9bd300ff778417d0fb18998b7704bdc_jpg.rf.2246de97f3881c406da07cbcf7a8fccc.jpg, 1, 0, 0, 0, 1, 0
5b27213997783d3b371d46eeca1b9aa6_jpg.rf.23daba303dcc7a4de24aa5f11006023b.jpg, 1, 0, 0, 0, 0, 0
13490c864a4047f14da2f80b165e6826_jpg.rf.23b61487af7259a7f0c3433758cbb7f1.jpg, 1, 0, 0, 0, 0, 0
9417d67f1f73cbe7676296af4ed3e7a6_jpg.rf.225b63566386a2a9d8bd3070e1e28e62.jpg, 1, 0, 1, 0, 0, 0
photo_2024-07-15_14-02-03-3-_jpg.rf.25461c4cff3bb11a0ffc951ad7452ffb.jpg, 1, 0, 0, 0, 0, 0
7fc06220292c449256ed83724d85285a_jpg.rf.25c58c603afbc12e7323a4db0736be4f.jpg, 1, 0, 0, 0, 0, 0
photo_2024-07-15_14-02-02-2-_jpg.rf.224885e74d7e05b10eb16dfecd9b6a0a.jpg, 1, 0, 0, 0, 0, 0
ba1a9946b2027b5c05fde018a22726d3_jpg.rf.26a006d7b90a50b5851c3928b7250a46.jpg, 1, 0, 0, 0, 0, 0
908a671e09fbf1f819e99c4dddaa75f0_jpg.rf.1ff6ad13ddb649af77b231c8cf81ecea.jpg, 1, 0, 0, 0, 0, 0
c174733aa38fec35b0da22648290332a_jpg.rf.26c2faa1c3022c97c2e245817fc49a98.jpg, 1, 0, 0, 0, 0, 0
photo_2024-07-12_17-11-50_jpg.rf.24b06f719ab904a58f19b098af7de18f.jpg, 1, 0, 0, 0, 0, 0
585d7b4bec5a97f7efb8ee96de97da16_jpg.rf.27f603c2b85bdc18f293a4c02988eb5e.jpg, 1, 0, 0, 0, 0, 0
e511b09dcbdefa7cc252463a8fa37a7d_jpg.rf.242dfad9fee575bea675c2d82a17addb.jpg, 1, 0, 0, 0, 0, 0
e95c360eea24b0e1035178cf38640640-1-_jpg.rf.29b813e575d6b6f810cbb96be2e35a0a.jpg, 1, 0, 0, 0, 0, 0
photo_2024-07-08_19-28-26_jpg.rf.2a77e84398a894c137e4abd626c44ce5.jpg, 1, 0, 0, 0, 1, 0
06eae7eaeb14c36cf2cc08e6d5430447_jpg.rf.24bcba194c174bb716c881d8a4cf5e6e.jpg, 1, 0, 0, 0, 0, 0
photo_2024-07-12_17-11-55-3-_jpg.rf.2a52a2533e1db3216c70462a186cba92.jpg, 1, 0, 0, 0, 0, 0
photo_2024-07-12_17-11-54-5-_jpg.rf.25601d5306e4e755bc0db4e28a31955b.jpg, 1, 0, 0, 0, 0, 0
b2a998c1b5f117eeb969dc451c08b2f7_jpg.rf.25cda5b2e3a2fefb3d7e324d65eb6692.jpg, 1, 0, 0, 0, 0, 0
d64ba16ccfb1f85e154d53df33813de0_jpg.rf.26664f1004144f1508bdafbf53ddc4ff.jpg, 1, 0, 0, 0, 0, 0
b7e32e1bef52c186c35557d54f1832f6_jpg.rf.2a98d53138485f5f1625da390ae1436e.jpg, 1, 1, 0, 0, 0, 0
377275751_10161079298172402_659566863511049636_n_jpg.rf.246d38d82aea7535b659c470e57fdbd8.jpg, 1, 0, 0, 0, 0, 0
d83f58376d8e7ed2bd9adcf3a97cb13d_jpg.rf.2b82c7d24c6695df7e87cd0269f133d9.jpg, 1, 0, 0, 0, 1, 0
20241005_143816_jpg.rf.2b50c71712a8dbd9e53486343885f9d6.jpg, 1, 0, 0, 0, 0, 0
af4b9d30fe9100b8d8e53a06dec92f3f_jpg.rf.2b4a114a439f39fddc30f5534de5be79.jpg, 1, 0, 0, 0, 0, 0
093dcc912b688ae7fb5035c87a98f1d8_jpg.rf.2adf20fff292aca0459bac031e1c9356.jpg, 1, 0, 0, 0, 0, 0
IMG_20210811_160802_jpg.rf.286b8bf884954eef6b36dc7fbb9d3503.jpg, 1, 0, 0, 0, 0, 0
3a36cd7a1085e641df75d643f0032792_jpg.rf.291c882cf8d1add7cdf3cf3b21b3d27f.jpg, 1, 0, 0, 0, 0, 0
20241008_145420_jpg.rf.2d4e8a608a3f07b89e8d66981256ab00.jpg, 1, 0, 0, 0, 0, 0
5c120ed99e7d059186eb6618aa25651d_jpg.rf.304e19b12450e7a1892979a2af9af476.jpg, 1, 0, 0, 0, 0, 0
f22c10882d50063cea6f4244a75bd73c_jpg.rf.2cd2ca9d95fe83cb1d6f42ee7a46b2b8.jpg, 1, 0, 0, 0, 0, 0
7373efbbf372d0ea05a2954d0841f623_jpg.rf.2e24b06023cf087cc46549f9539057d8.jpg, 1, 0, 0, 0, 0, 0
679a4dbb0e398f54233a5884d0972878_jpg.rf.2f772293b6a7fd42553b15b2025fa318.jpg, 1, 0, 0, 0, 0, 0
1c54562fa5ed916352948e7ea3f9629c_jpg.rf.2ee4aac9bcc3eae2b73058c0c3bbe3f9.jpg, 1, 0, 0, 0, 0, 0
6ac47c09fa0440a6c4df4ef077df860e_jpg.rf.2d2ea572a535b9788a22246978acf220.jpg, 1, 0, 0, 0, 0, 0
fb586ef5a0a1d5a5c848df893da98cf6_jpg.rf.31350d49349f26ba8523a61c9ab9b57e.jpg, 1, 0, 1, 0, 0, 0
a3ee173301961fd45729c51a188b3bad_jpg.rf.318c5a64df2b00a90e324f5a81edf46a.jpg, 1, 0, 0, 0, 0, 0
2e2b84933211ac85b606a9ec83030cc9_jpg.rf.30e6e02cf03170973a01d1de3d33b0bf.jpg, 1, 0, 0, 0, 0, 0
photo_2024-07-12_17-11-56_jpg.rf.310ede663b909f1225fc016b2df52f70.jpg, 1, 0, 0, 0, 0, 0
c9ef86c3e7f36179123a66dab90f9e0e_jpg.rf.2721bfebeddeecf6bfb1eff34f58b260.jpg, 1, 0, 0, 0, 0, 0
cc2fb6b6dec313c5e94a760c8057e845_jpg.rf.3208821a04ef17d4b8c864ab2aa00613.jpg, 1, 0, 0, 0, 1, 0
7adfe856571c3b5abfcdee6affc6806c_jpg.rf.2c655fcfbe7b088638944db744046bd6.jpg, 1, 0, 1, 0, 0, 1
12f4a1ac659d583ef7d576b950d702fc_jpg.rf.32360013edb71d2770ee9419af923c97.jpg, 1, 0, 0, 0, 0, 0
4aae354c34b0f5097e1a16e0f41f1993_jpg.rf.2dc3dfe27032526dc308963d6c85e5c7.jpg, 1, 0, 0, 0, 0, 0
628c1a65e65897d5304c8f71efe5d8e8_jpg.rf.328c2318c914e9994d7ea428f36366a6.jpg, 1, 0, 0, 0, 0, 0
eb374e88f3e78c20e3bfe3f422a2e700_jpg.rf.3201d43d8c518a6a3302f52f8168d76e.jpg, 1, 1, 0, 0, 0, 0
dce8c4fb3d7486985183cbc1018b6ab2_jpg.rf.3357364d8f6ff376934b80856ee54699.jpg, 1, 0, 0, 0, 0, 0
20241005_131946_jpg.rf.32d1a8aa1eb3f1c9f835f74f6afdba33.jpg, 1, 0, 0, 0, 0, 0
6ea5083677dba85207736160608b4ef2_jpg.rf.337f76ec2b8ef5cf53159e439b535972.jpg, 1, 0, 1, 0, 0, 0
733f834c2494faff2a98c26824a0a8e4_jpg.rf.338467febc1a158533fc681ec6f6a2dd.jpg, 1, 0, 0, 0, 0, 0
284492565164bc7f4064bcbe0a6ffcca_jpg.rf.337d7e4eb613b3c6c8afef6f40dc8c5b.jpg, 1, 0, 0, 0, 0, 0
f2299de2b560c01c0f45e896a0cba8a9_jpg.rf.31b308670ce4d3af9a8c91ea16610983.jpg, 1, 0, 0, 0, 0, 0
bba3aecea1bd6a59a7335b68bd349e5b_jpg.rf.32e50806933095007428e170a049f4e6.jpg, 1, 0, 0, 0, 0, 0
62f198603155ee0885a7ed08494739c9_jpg.rf.32fa6a77e134842d72d8cb402857a48a.jpg, 1, 0, 0, 0, 0, 0
7f5bc2721e4f071411cbf924fc4818b5_jpg.rf.32dba20e696b7af559eb73d8b79d009f.jpg, 1, 0, 0, 0, 0, 0
aeb83bcca185c663323ab4e17bb7f811_jpg.rf.3814162716b11ead3736cce1fc0d8b05.jpg, 1, 0, 0, 0, 0, 0
IMG_4684_jpeg_jpg.rf.34868806df90d121617fa7febd6c4d64.jpg, 1, 0, 0, 0, 0, 0
726215661b51eba0ebb84c97ad6e48a0_jpg.rf.341e1c4264bb653632df693672418ba3.jpg, 1, 0, 0, 0, 0, 0
75edd7cead34127aa95b4a218576e80c_jpg.rf.349ef1dc45941b1335b82abae8b608cd.jpg, 1, 0, 0, 0, 1, 0
1e002ff9c32c51fc9648435b07e36460_jpg.rf.38db3bb646c371772359e879997316bd.jpg, 1, 0, 0, 0, 0, 0
bd4a868e57c2eff1bbfba5f2d92c5996_jpg.rf.36e4a979052d42cd498769787eeea4e8.jpg, 1, 0, 0, 0, 0, 0
1a42a250e55ed692f3c71d482e47d63c_jpg.rf.38d5214065bfd7c12faaddd669d19cf0.jpg, 1, 0, 1, 0, 0, 0
e35015f20ef57e824cfc87da6d6b319b_jpg.rf.3cf8465daf38b555f87d281d9b65b64e.jpg, 1, 0, 0, 0, 0, 0
1_MpBQODmX2Sp3SfwUu1ZY0Q-2x_jpg.rf.389fafcffb0bfe4b970e5ed1f500dcce.jpg, 1, 0, 0, 0, 0, 0
0_053_jpg.rf.359c54e84f1a570f6389d7562f08f675.jpg, 1, 0, 0, 0, 0, 0
IMG_9446-Large_jpeg_jpg.rf.39109a8dcfe15209ea34740e1d21b2c7.jpg, 1, 0, 0, 0, 0, 0
0afe2ae0e6d38936eb766707e5357004_jpg.rf.3f5aa1856f49cf17f02b5e96640469fb.jpg, 1, 0, 0, 0, 0, 0
0_094_jpg.rf.3cd00da25f62bd420d11de5522d6905d.jpg, 1, 0, 0, 0, 0, 0
20241005_131950_jpg.rf.3e10db2f638bbd078ed64bc334a2ba5e.jpg, 1, 0, 0, 0, 0, 0
photo_2024-07-15_14-01-44_jpg.rf.3f362ac651f243bfb4ea8b3ba5c08b98.jpg, 1, 0, 0, 0, 0, 0
32a3d4d874ac373b2f889f4a58704250_jpg.rf.4054849e026ab0514380bfdc265bef57.jpg, 1, 0, 0, 0, 0, 0
2011e84c1eeba303c711be3af79fddb7_jpg.rf.3941fc272b6086d78183b2c13bf26fe5.jpg, 1, 0, 0, 0, 0, 0
68c6ffd33eaad7f3e5db010dcc98115e_jpg.rf.3c101e25acb98a27089785cb0238f8c8.jpg, 1, 0, 0, 0, 0, 0
02ec0b558361b81e6e098558d1a37117_jpg.rf.42b86e3b3229c3642630810bc62cbc0a.jpg, 1, 0, 0, 0, 0, 0
65639a5000b18f2d20a3149387aca7f3_jpg.rf.420052d915da9d53c8de22ea473e398b.jpg, 1, 0, 0, 0, 0, 0
a86ce694407d6a4123285ceca5de629d_jpg.rf.41c3a9327fbcac924e9f581214030f22.jpg, 1, 0, 0, 0, 0, 0
b19af367fd4c742c473d6666a905ad2b_jpg.rf.43015d22369d76781c803c67b7ada0c8.jpg, 1, 0, 0, 0, 0, 0
4a0fe16f9bdd28f69d087fb607f367ad_jpg.rf.41118bb15050470756961d3522ad5d27.jpg, 1, 0, 0, 0, 1, 0
6ab6196267502acec90fad586b633698_jpg.rf.430aecaba11de570ce1f56a91b666c3a.jpg, 1, 0, 0, 0, 0, 0
8baa5f081bfe8c727774b70523762904_jpg.rf.4358a8af7293efe8c97b5bbd29e46f2a.jpg, 1, 0, 1, 0, 0, 0
f9c5c64db72878c16239c65e6553d362_jpg.rf.40ad076c5c1ca5626cc47268b838490f.jpg, 1, 0, 0, 0, 0, 0
bd8e0ae831b70a8c3441b46800c98f48_jpg.rf.3bf9cdb4209adff3b405db5ecf61e19c.jpg, 1, 0, 0, 0, 0, 0
photo_2024-07-08_19-28-32_jpg.rf.413ff3ede5c4a8f3639e229a53bfe6d4.jpg, 1, 0, 0, 0, 0, 0
8a893393bfda4283842cbcb1aededa4d_jpg.rf.42b1acd1e0e4201e7fca251ad73e7e7f.jpg, 1, 0, 0, 0, 0, 0
1610eaa1a509eb17c417f4cee36dd6f4_jpg.rf.3b5dede0a83742531274a7501f0ef024.jpg, 1, 0, 0, 0, 0, 0
b50d8e5752a054a05853ea78e14fc4ec_jpg.rf.438a31c63f75306142536a9d9b02d152.jpg, 1, 0, 0, 0, 0, 0
d35695e350891748254d9f3556673d6f_jpg.rf.43842e9652fb3091da132c1fdab850dd.jpg, 1, 0, 0, 0, 0, 0
5174e002139f2874dbe05b7d2dd6a526_jpg.rf.34dfcdb6eccaddfbfb8b7d36d48696d8.jpg, 1, 0, 0, 0, 0, 0
bfcbbb5477d1361d59ead625fe2b1f0a_jpg.rf.35639ab2f412ce86e9fbc9451f82026e.jpg, 1, 0, 0, 0, 0, 0
05797e5df66a0b9d9d978f684478a0c2_jpg.rf.446c703727ab33ad19b7093e5626f628.jpg, 1, 0, 0, 0, 0, 0
IMG_20240708_183238_jpg.rf.439090dd6c1ddacd0e5860dffcdbe2a2.jpg, 1, 0, 0, 0, 0, 0
757ae49fe52aed06caa4f7106ac1528f_jpg.rf.42ebfe147dac8503b4076fced80c5d3a.jpg, 1, 0, 0, 1, 0, 0
1c7d80cb3e85f46e6398a0fe1da1aba5_jpg.rf.47f33f179fe9d4c83f99743d481467a8.jpg, 1, 0, 1, 0, 1, 0
2ca734022ec0ddcad562911b9ce675ed_jpg.rf.45025dc3706a434e25859d5ad6a2739a.jpg, 1, 0, 0, 0, 0, 0
eb9d31d49614dec2102683c588b64c43_jpg.rf.46e37c2a348473612634243723cb5274.jpg, 1, 0, 0, 0, 0, 0
7dc7868e022d32b2574c344e5cbc82b7_jpg.rf.482b9619a226d3888d50aa06e790281f.jpg, 1, 0, 0, 0, 0, 0
57281aeab1a6c9c7066dde2cf90041e1_jpg.rf.3bd9af345a6ab690f7d4804b4cca3597.jpg, 1, 0, 0, 0, 0, 0
4973faedd088bc8ec078366d5832babd_jpg.rf.3aa18bff35814232f4c3018af0c92439.jpg, 1, 0, 0, 0, 0, 0
photo_2024-07-15_14-02-04-3-_jpg.rf.43a80601bae9de4bb13d6fdca28abf81.jpg, 1, 0, 0, 0, 0, 0
41c45ef2eb451beeb01179bc562153d3_jpg.rf.45d06ac4d9673c27eb09bfd1b9e1d7b3.jpg, 1, 0, 0, 0, 0, 0
1088fef261e0436f23956edf72461a51_jpg.rf.3a69004e2d376eea65acd31ddc7c50ce.jpg, 1, 0, 0, 0, 0, 0
3d5470bcdf4667f3cc20e00284fa173b_jpg.rf.4564795c2cdaf8a9f048392a63fa12df.jpg, 1, 0, 0, 0, 0, 0
photo_2024-07-15_14-01-55-2-_jpg.rf.487de003ab5e6fa7e6d15d9e1a501b3a.jpg, 1, 0, 0, 0, 0, 0
photo_2024-07-12_17-11-56-5-_jpg.rf.4865322fbccb8b453128b322def151b1.jpg, 1, 0, 0, 0, 0, 0
8c331232253a1babf19f27cb99285412_jpg.rf.48f4f847ceea5fa7153ac580d8a6f476.jpg, 1, 0, 0, 0, 0, 0
IMG_20210830_160214_jpg.rf.4a1e71a874d219dd6be348bd79dca809.jpg, 1, 0, 0, 0, 0, 0
05195146b6c316e54c9530969329c369_jpg.rf.485cd458a803838712c1efc15ece07f5.jpg, 1, 0, 0, 0, 0, 0
a7dd14dc212a8fc40fb9b4ec63569330_jpg.rf.495984ef550f3678919907bafab846a3.jpg, 1, 0, 0, 0, 0, 0
09257ad5af5fb393f7e32ca56028ff1f_jpg.rf.3a785b5f3d7e3ae6bc93da01e53f2509.jpg, 1, 0, 0, 0, 0, 0
2276d7356d7852ea916cf8df01d293a0_jpg.rf.4a8d775da268af263797749f2e0ce16d.jpg, 1, 0, 0, 0, 0, 0
fd1879651cba8b2f2a78da3d93922a8e_jpg.rf.48c7118a60fd187b2e3fa0f082324ae5.jpg, 1, 0, 0, 0, 0, 0
6d3b83a8fa8156fb2914af4ffb227156_jpg.rf.3bafcfc4bf16540fc8ab7c2db9cadeb3.jpg, 1, 0, 0, 0, 0, 0
7eb0c64a0b2beda733607fa9687f408a_jpg.rf.493dba647200a37278fa26a6bb9a27fd.jpg, 1, 0, 0, 0, 0, 0
20241005_131755_jpg.rf.4ba6d75dda9fa1f608b9466b301d87aa.jpg, 1, 0, 0, 0, 0, 0
f5d5575955c01fc323f8e04ba264858c_jpg.rf.4c05a1dddad333ea68133df10422f64d.jpg, 1, 0, 0, 0, 0, 0
90ea10b4917b0324c3840e364b16e1d2_jpg.rf.4973eeb23bdf56a57670c0a8a456f92c.jpg, 1, 0, 0, 0, 0, 0
b77f47b0374e096d0827b19e1b10bca5_jpg.rf.4a8795eaf451828e6b2769783f37405d.jpg, 1, 0, 0, 0, 0, 0
0bd42c1770d3008aa1283bb982d087ce_jpg.rf.34d6e01b9e7abf52fcd4c30280d59ca3.jpg, 1, 0, 0, 0, 0, 0
3dd4e5f67741883ad47cbce410b7dc66_jpg.rf.4b475547b3c62e1d4945577c73b522e2.jpg, 1, 0, 0, 0, 0, 0
d081b536539e785d569aecae065843bc_jpg.rf.4fdbe033564ebb57ad2067c4f58568f4.jpg, 1, 0, 0, 0, 0, 0
358197151dd8f21d596ba356c4971f0d_jpg.rf.4766da811b5e433945af7b09e9bee3fa.jpg, 1, 0, 0, 1, 0, 0
e936cac1295b9ea861298232570810cb_jpg.rf.4cfa299285bc07e023f9e0a79bb1649c.jpg, 1, 0, 0, 0, 0, 0
b8d3700f4adb324923c81ef72862c412_jpg.rf.4e4ab068e8d7b9d215234bc5c86172e0.jpg, 1, 0, 0, 0, 0, 0
716d87867c6939be68f1fdaab3c9013a_jpg.rf.4d55ebacb5e69ae3605f3e2253f3e60f.jpg, 1, 0, 0, 0, 0, 0
f56b776f35c2a51db75c40488b250624_jpg.rf.4c69ddedbfb80980674db84639f7125f.jpg, 1, 0, 0, 0, 0, 0
IMG_20210830_160237_jpg.rf.4b99bbc481b9570d1d79c5653fb744d4.jpg, 1, 0, 0, 0, 0, 0
0dfffa04bb51c779f662211bcf4b5fc8_jpg.rf.4e6e2aeee9d2cff005bc2fdff6385c5d.jpg, 1, 0, 0, 0, 0, 0
3804346789bd4d6eb225e931c869dab8_jpg.rf.5068ca8892c337616c6822987ceaf8a5.jpg, 1, 0, 0, 0, 0, 0
427d9745bde8253485c6120b2b8fe115_jpg.rf.4f4b6d0c9d982987e64fea6e3ad4389c.jpg, 1, 0, 1, 0, 0, 0
ae70bcb03edf74ed18422057045dc0eb_jpg.rf.3b8c0d6ce8a94bbc33ff81bc8adf45d4.jpg, 1, 0, 0, 0, 0, 0
c11813ea431c4b87146cc42d45dc20a8_jpg.rf.4f3dde5a167c3f67625432e01a87ad8d.jpg, 1, 0, 0, 0, 0, 0
2923dab55d21c00330f1996b34c02d01_jpg.rf.512b3a9dacf18b1219c3268dda03a81c.jpg, 0, 0, 0, 0, 0, 0
c234c86e37c87b1d7ae1a4e1b7f33a91_jpg.rf.5166d569d70e17ee31ff5ec846434476.jpg, 1, 0, 0, 0, 0, 0
3bbf7c758d8db5618a05bb2ad70c91bb_jpg.rf.542db90aa3f6897c4d7fd610eed124ea.jpg, 1, 0, 0, 0, 0, 0
PXL_20240222_222137902_jpg.rf.543d541d3f9bb19b1e19b182893ad842.jpg, 1, 0, 0, 0, 0, 0
652cf152170b547bce7933447e6a2f57_jpg.rf.51b81c76ee072d5ff8c8623035204f61.jpg, 1, 0, 0, 0, 0, 0
8211cd063eb7f79a82286fa766ad4da8_jpg.rf.565a988539f42466954266ec588e89c2.jpg, 1, 0, 1, 0, 1, 0
462553320_906894891327437_6559846429119312386_n_jpg.rf.4a9886a31ca3d31edca92ca5d67e218e.jpg, 1, 0, 0, 0, 0, 0
d8ec2e1e6c225197eaaccb920017277f_jpg.rf.54aed729d1daeab78df086f0886922cf.jpg, 1, 0, 0, 0, 0, 0
IMG20240726162027_jpg.rf.52ef5c44a3b50c170c2a221d9a312a21.jpg, 1, 0, 0, 0, 0, 0
5c45aa0afa4d13f777ac55ac89a61f66_jpg.rf.5128a2f8a64ce9ab3ee022203cafdb42.jpg, 1, 0, 0, 0, 0, 0
4b8191931fb8872bcf73a6bee17b6612_jpg.rf.509c0a6f0ec1d25e751fd995b5f32cb8.jpg, 1, 0, 1, 0, 0, 1
2b2306ec22da8dd1f9910abd4c8eac04_jpg.rf.5610013b0b43d5b1df34fd92630256da.jpg, 1, 0, 0, 0, 0, 0
ba62ce24be389d21573fae88c2c1cfca_jpg.rf.54a981dcf4d16640dcbfad0fb096ca19.jpg, 1, 0, 1, 0, 0, 0
a21aeaab5b12c9c5bc72f0ab5955281e_jpg.rf.53c137d2d479400c57df29168e853619.jpg, 1, 0, 0, 0, 0, 0
60534cc8b374ae6c9b70eef40bd2d0aa_jpg.rf.54fc2d5bd17cec50bede16c114b461d0.jpg, 1, 0, 0, 0, 0, 0
8664f4f002d99aa34b4c55774db0df63_jpg.rf.578aebbccb0f2ccbabba73c412b6e736.jpg, 1, 0, 0, 0, 0, 0
b8dabd0f87f2fa8f74c6feabfe1ed96d_jpg.rf.583126d84430ddec75e511758bc3884c.jpg, 1, 0, 0, 0, 1, 0
fb19cde3cfce264795b6d976424529b2_jpg.rf.54a3d20f5370fb4e6d7aafe9cc6faba7.jpg, 1, 0, 0, 0, 0, 0
photo_2024-07-15_14-01-47_jpg.rf.5680eba355652d2c28efefc1b7ff3967.jpg, 1, 0, 0, 0, 0, 0
a08d57088220a94138c8d70d87f6f131_jpg.rf.5914856ccb2791950c75c98262f0760f.jpg, 1, 0, 0, 0, 0, 0
32c528da668bfc49d6a8d8c5cd61591a_jpg.rf.5055598ea14b0c7a20e93482e854e149.jpg, 1, 0, 0, 0, 0, 0
ef655b5be8efb1004c546e35fdcf1102_jpg.rf.59267d2fceaf2efb21c6078b5f48ca81.jpg, 1, 0, 1, 0, 0, 0
82de6fe6d4ff015df767dd97ae949686_jpg.rf.5303157e6e60d619e6f5ee0631168853.jpg, 1, 0, 0, 0, 0, 0
cfb03ae96f5661ec908f744139e43ddb_jpg.rf.5b6c832f4eb874f80d93b125976d2c8a.jpg, 1, 0, 1, 0, 0, 0
20241008_145412_jpg.rf.5573bb21d1fdebe01f88ccf352a71cd6.jpg, 1, 0, 0, 0, 0, 0
20241005_150632_jpg.rf.5b4a5996c15c965403d87335f8acd886.jpg, 1, 0, 0, 0, 0, 0
74bde58ef0d5d1bf53166cfb117dd958_jpg.rf.5a26d363280b3edea098a2b3f466161f.jpg, 1, 0, 0, 0, 0, 0
9315dfd13dc51f23877ba3fa4b818eaa_jpg.rf.5a89b5088334ff18419c08433671b7cc.jpg, 1, 0, 0, 0, 0, 0
44d45d9e61038c381f39800e1f636398_jpg.rf.573405507c9527f443dbf2e5a200aa24.jpg, 1, 0, 0, 0, 1, 0
378797010_10160941411704483_896979489053293887_n_jpg.rf.5c87b870f9cea1472f42d8a2725bf2e8.jpg, 1, 0, 0, 0, 0, 0
IMG20240722153931_jpg.rf.5c2ed6b8830f2539fa3219594ce384d5.jpg, 1, 0, 0, 0, 0, 0
83b033a3a9147d8b95e44f653a69027d_jpg.rf.5c6fd022cb197613d2219f623dcf323d.jpg, 1, 1, 0, 0, 1, 0
4b861604210282631a600dbf8155ee43_jpg.rf.5a5812ffe22602f1c0d424a9c2341afb.jpg, 1, 0, 0, 0, 0, 0
cd8421a9d3d8a692349fa99f5f1d1f5f_jpg.rf.5de7068edba735611eb62fd5234ac9d2.jpg, 1, 0, 0, 0, 0, 0
b352e135ece43102b25c72792d3b00f9_jpg.rf.5c589a118dd0f97640b3aef29ff5c574.jpg, 1, 0, 0, 0, 0, 0
ddeea9548f4ae401b133af2ff455f134_jpg.rf.5eb9447a355c6175ece1f8912e7074c2.jpg, 1, 0, 0, 0, 0, 0
5b1c94712dd8695bdb0ed311ff2a562f_jpg.rf.5c0d9a8c9a4a226f56bde0a2ece80063.jpg, 1, 0, 0, 0, 0, 0
3c2f540909e2c76da6c575e627c64475_jpg.rf.5b9588affbe471b9400afffa2d9c72ee.jpg, 1, 0, 0, 0, 0, 0
photo_2024-07-12_17-11-53-4-_jpg.rf.5f8a1b0f4ce8e443fe42e194c0c4ef70.jpg, 1, 0, 0, 0, 0, 0
1739fb76f57cabe759ba496c35bfeb16_jpg.rf.5f5ab98a280e0922f7ceea999b4009a3.jpg, 1, 0, 0, 0, 0, 0
b07e98708fd5748712986bc4dd478b37_jpg.rf.5f3909ef51ac64510b798cae9a568a54.jpg, 1, 0, 0, 0, 0, 0
ee4a17af4f2d61f8c340903e058b0496_jpg.rf.5eeb21152d99f49f34292406fbeac8fb.jpg, 1, 0, 0, 0, 0, 0
45c2a6a326db71aeccd9dae66b15854e_jpg.rf.614682b1a9fcd37fa481ffac74f77c52.jpg, 1, 0, 0, 0, 0, 0
340b9c2000bc571b2fe79e5ea09d8cee_jpg.rf.5f129b51fb5991b1543a0dd321c45b25.jpg, 1, 0, 0, 0, 0, 0
IMG_20240708_183316_jpg.rf.5ed59e730d8cc968f466303afc687369.jpg, 1, 0, 0, 0, 0, 0
2141988a6a5574b81763d17c01cae3ac_jpg.rf.614d70aecfb0c5ed495cc8a3bd4a3925.jpg, 1, 0, 0, 0, 0, 0
4cac9d370c4a9104e7913c971fabdc91_jpg.rf.5d92315036f39a29edddb051b311edde.jpg, 1, 0, 0, 0, 0, 0
22b9d6ef629e78547cb1434cc54159c4_jpg.rf.5e7abc80c93195acdc845493c4420a98.jpg, 1, 0, 0, 0, 0, 0
7a7d34d0e20b845dca234ddb1fbeab05_jpg.rf.60e231bc4d699be9b58558b086836ecb.jpg, 1, 0, 0, 0, 0, 0
1c36358196b6f55ae246eeb43a4cd88e_jpg.rf.5e3ef4109210563b3cec9e14db459873.jpg, 1, 0, 0, 0, 0, 0
da3d7268a5b515131d966dd0f9eadad0_jpg.rf.613953412745bcd3527db22f75afa30b.jpg, 1, 0, 1, 0, 0, 0
e95c360eea24b0e1035178cf38640640_jpg.rf.5c40265a2dac15bfe6d8284ce77bf840.jpg, 1, 0, 0, 0, 0, 0
9c3c9ed6dcdbf7ae488135171ee88cd0_jpg.rf.5f380dd2294d445186b5ed35faad1894.jpg, 1, 0, 0, 0, 1, 0
photo_2024-07-11_15-18-29_jpg.rf.6246bc67764cfbd63a094cba74141347.jpg, 1, 0, 0, 0, 0, 0
336db0159bcf0546e3662cf99d255ccf_jpg.rf.62138d2869e35934742cb7c4578f24c2.jpg, 1, 0, 1, 0, 0, 0
539053719563de487514fec32480d8e9_jpg.rf.616d4679e93c8eefbad5328e7708d158.jpg, 1, 0, 0, 0, 0, 0
a245be4c96d79fe28869d845ea093b19_jpg.rf.639032f9b4dc682082c05b9ea3b1774a.jpg, 1, 0, 0, 0, 0, 0
photo_2024-07-12_17-11-53-8-_jpg.rf.66e92987f829274b7c72a61f82e3012a.jpg, 1, 0, 0, 0, 0, 0
9f5c62f0a51132e346d0c91ca207207e_jpg.rf.64ef0a6694d1ef306c2510b46fd9b0f8.jpg, 1, 0, 0, 0, 1, 0
20241005_131938_jpg.rf.66e777ab5af492156ad55765f852d221.jpg, 1, 0, 0, 0, 0, 0
3e686773275e662dd8cfa0e9290d443c_jpg.rf.64b46262417a5956f19e0339c0c8b904.jpg, 1, 0, 0, 0, 0, 0
e728f6763798593dd2965ac621c33dff_jpg.rf.64d1f6cf4685697585d621108d28b5d2.jpg, 1, 0, 1, 0, 0, 0
27c240e06b4096eaa48cdbe26424edd9_jpg.rf.67afef4a42ebf5bca42a1996952e8600.jpg, 1, 0, 0, 0, 0, 0
1a583318e5688f58ec3ada7b5f7b8511_jpg.rf.642f714e70e5a84dbbb676cdd236f391.jpg, 1, 0, 0, 0, 0, 0
854e11576ad647aca8ac9df421eff15a_jpg.rf.6771ae03ae61c587d03ef379deb66835.jpg, 1, 0, 0, 0, 1, 0
IMG_20240708_192210_jpg.rf.62cc0503e069823a6d1dec18484d96a5.jpg, 1, 0, 0, 0, 0, 0
32535f5a57bba7c9008b4753371595a2_jpg.rf.6940b7346143e0719fe61cb047ff252d.jpg, 1, 0, 0, 0, 0, 1
5aa1789de36b47a1a5b82607e0527a69_jpg.rf.603f983ff56eec17abf2c6daa812fe0c.jpg, 1, 0, 0, 0, 0, 0
2d478aa1519b51d803cc5dc0aed1a133_jpg.rf.69dfede428546297c31cd28c8fedc2a9.jpg, 1, 0, 0, 0, 0, 0
bcf9930115fea5298c62c9636f246401_jpg.rf.699254593d7bea1813dd11718dba1b4e.jpg, 1, 0, 1, 0, 0, 0
7599b6ed5bbf7f798e7c121330b4a88a_jpg.rf.653883c47cef1bbc71b9bcf0b70cc12a.jpg, 1, 0, 1, 0, 0, 0
3eef2d8e3b9e71664aaa19b2274e003d_jpg.rf.69ea27ba4bdd89a5bf9e53b16a2c3d99.jpg, 1, 0, 0, 0, 0, 0
6f273eae8e33b8630f32c28c9ecffcab_jpg.rf.6911544749b65fb74874bb00c02220cd.jpg, 1, 0, 0, 0, 0, 0
38410266c966caec27ffb906a90c9116_jpg.rf.6987ec3ad76fa12d5c5dffc55bb46a21.jpg, 1, 0, 1, 0, 1, 0
3ca417f05e656b08cfc92d62d04f9aa8_jpg.rf.6aa1e9c56ad806d23c0c0ac15ad9e87f.jpg, 1, 0, 0, 0, 0, 0
aa7dea638ab23bb9e093c595ef15fd6d_jpg.rf.69445b4947a3db6dece4c3a95bf3b41d.jpg, 1, 0, 0, 0, 0, 0
b03e225d1025f215e7dec8c1bf528b44_jpg.rf.6ae4fd69bfdf765da92f9b75958912d7.jpg, 1, 0, 0, 0, 0, 0
74e3744dbc07864422d01294ea08e9c0_jpg.rf.689148b8359a807463e642e74477ac18.jpg, 1, 1, 0, 0, 0, 0
79ab023df6b9fa7149de0bf4d832834d_jpg.rf.69dfc2adb4908575c0c48f5a06a0314b.jpg, 1, 0, 0, 0, 0, 0
ae55020ee87b187f5a6e745f38efb672_jpg.rf.6b94efe1ec42b70b163f725f10c03101.jpg, 1, 0, 0, 0, 0, 0
b277d11d8448fb40612e091b6a525a94_jpg.rf.6a0337f1d6951e751a5fc9360bfce2b8.jpg, 1, 0, 0, 0, 0, 0
c532bb4b8f5cd0f4abba2ff9e7134926_jpg.rf.6a77a0d1217056468675fe81e9bd67cb.jpg, 1, 0, 0, 0, 0, 0
134194940-old-books-on-the-background-of-a-wooden_jpg.rf.6aeb6e3ce28511aecd88ebaa2da98f71.jpg, 1, 0, 0, 0, 0, 0
6499ee118b6d794ebc0e14a8f58c0b67_jpg.rf.6b6cea9710aea7bb45304b763325596f.jpg, 1, 0, 1, 0, 0, 0
4289c561de3468fd4715ea50c5274c24_jpg.rf.6af1914ddbd81086fad3817da83b118d.jpg, 1, 0, 0, 0, 0, 0
f80fc2ef5cdd181dc727a3b32925b0ef_jpg.rf.6f26a83cfcb369c403dd16cd77221bd0.jpg, 1, 0, 0, 0, 0, 0
8e95adc68b6eba7f67e1cb836e499bd2_jpg.rf.6dd6ed6ee3d68cb912ae1d2d3910ff6f.jpg, 1, 0, 0, 0, 0, 0
c26cc524358532c7104fb9a403fab7a1_jpg.rf.6c175567069494ecef488f526e76e37a.jpg, 1, 1, 0, 0, 0, 0
IMG_20240708_183726_jpg.rf.6bce0442ac777b03d92048687430f775.jpg, 1, 0, 0, 0, 0, 0
4af924aa5c0f6938723c20feaf8ed9c4_jpg.rf.6b44219fb839e1e27fd3c4c7cebd015d.jpg, 1, 0, 0, 0, 0, 0
339b85888b20692f53203b473c0f22d4_jpg.rf.6f32955aca727f56c8bc2168f0fc20a5.jpg, 1, 0, 0, 0, 0, 1
641b4d175e471d7e0e37e02f954b88f1_jpg.rf.6d46538f0469a98832489a113c0324d9.jpg, 1, 0, 0, 0, 0, 0
photo_2024-07-15_14-01-58_jpg.rf.6f72fe12b9d5c8897679521ed88b9902.jpg, 1, 0, 0, 0, 0, 0
452419a271162f0054c900ce487e440a_jpg.rf.6eb9844596e90fd3ae9bfa23694d545c.jpg, 1, 0, 0, 0, 0, 1
14837e805a723472b650edd9b914e745_jpg.rf.6b10d529fefb56cadb57f51e2f85ec07.jpg, 1, 0, 0, 0, 0, 0
5d11164336cc7389ecae331349c499f2_jpg.rf.70c4c1244e95754d5ef14239dd9fa557.jpg, 1, 0, 0, 0, 0, 0
376870926_10161079298177402_7585891410031016118_n_jpg.rf.718576bea38be7aaafcd8b3f5b6f58bb.jpg, 1, 0, 0, 0, 0, 0
IMG_20210830_160152_jpg.rf.72420521e45bfc22adff50830a29f837.jpg, 1, 0, 0, 0, 0, 0
0ae57f3531909e271aa3b4fc57cc0436_jpg.rf.7043066620bed542acd6e43f007b0367.jpg, 1, 0, 0, 0, 0, 0
805ca6dadd54f7a9d0cf94b72b7f6430_jpg.rf.6c22e5cba1debd098916bcdabb49d73d.jpg, 1, 0, 0, 0, 0, 0
7e661c1295fd39ceb35eb30266d0d0f5_jpg.rf.6cf43dc007d186994926d726202b51a8.jpg, 1, 0, 0, 0, 0, 0
7b241c7ed516a69723a3a914de7ec26d_jpg.rf.6fb69011b8c974367ddf033d5c2f5f78.jpg, 1, 0, 0, 0, 0, 0
photo_2024-07-15_14-02-00-3-_jpg.rf.6e41505323d9ab1e2747ae304078521f.jpg, 1, 0, 0, 0, 0, 0
f382826effa65b5943b2a534e6ecfad0_jpg.rf.71eb7015b4e7d9f154133aca137a1871.jpg, 1, 0, 0, 0, 0, 0
photo_2024-07-15_14-01-56_jpg.rf.6e781ed7cf01ea5ea1b2392f150ddbc1.jpg, 1, 0, 0, 0, 0, 0
e10d259d57c00e96c5330adc733f65b8_jpg.rf.70eca2ca346812845d29fdce364146f7.jpg, 1, 0, 0, 0, 0, 0
53eaa7a62657586a38350320f293ac2c_jpg.rf.726959340696328c9b13b4748fbc6354.jpg, 1, 0, 0, 0, 0, 0
d3e9a821ff508f046793077317518453_jpg.rf.70f750c0b08338ec20bce46239c7706c.jpg, 1, 0, 0, 0, 0, 0
IMG_20240708_182537_jpg.rf.714c8a6e8d28110737726b1d2b63fa32.jpg, 1, 0, 0, 0, 0, 0
s-l400_png.rf.718a2bfe636b9f171f17f550118951b5.jpg, 1, 0, 0, 0, 0, 0
222b98a9a9788abfc73405a5779e7483_jpg.rf.7678451fb29a2ef223ebd9e2b230998f.jpg, 1, 0, 0, 0, 0, 0
379998350_10160061257642473_7613058145470188263_n_jpg.rf.77cb2b48aa499c730d6fb3cdceaa559e.jpg, 1, 0, 0, 0, 0, 0
photo_2024-07-15_14-02-03_jpg.rf.7831589ca34cbf9d2fefa9d9564c2a45.jpg, 1, 0, 0, 0, 0, 0
photo_2024-07-15_14-02-03-2-_jpg.rf.7290d682738288c32732a8f8925a2092.jpg, 1, 0, 0, 0, 0, 0
20241005_131847_jpg.rf.726ab2e11c2f49c2c75018bb49c5ff4c.jpg, 1, 0, 0, 0, 0, 0
photo_2024-07-15_14-02-02_jpg.rf.7881722940fc731153815234e7c97fb6.jpg, 1, 0, 0, 0, 0, 0
21c728d7e36b0972fb611cfb4b76515f_jpg.rf.74ed9cd3f36bedf15a97d991711cf6c8.jpg, 1, 0, 0, 0, 0, 0
20241008_145232_jpg.rf.784f9df6b5c972babe3562ff8519292b.jpg, 1, 0, 0, 0, 0, 0
52a57300f27da27ac464b3c8d892b896_jpg.rf.75188429e6db98977efdde48baa79264.jpg, 1, 0, 1, 0, 0, 0
b6edba768af0c7efcd29ef9490c85b45_jpg.rf.7dcd62f444fe47f1f0755e088faf0313.jpg, 1, 0, 0, 0, 0, 0
c15_jpeg_jpg.rf.795bee0005a9efe540093aa4ffbdda23.jpg, 1, 0, 0, 0, 0, 0
4d6dc2cb9399836c1be4fa1da9603f18_jpg.rf.75ab36d3f0642a26834eaba244e1ef87.jpg, 1, 0, 0, 0, 0, 0
9b2d1a3735b36517edf755adba3ff24c_jpg.rf.773ea0dfe9696b13697754bd1af73463.jpg, 1, 0, 0, 0, 0, 0
8768a908bdf927819ef37d7e2b518c31_jpg.rf.7b49792948cd6d3be1b124e217280a0c.jpg, 1, 0, 0, 1, 0, 0
fda7fef0c57f54c8a512434550c25050_jpg.rf.7f29c4edb017feffdb41b6620550cc90.jpg, 1, 0, 0, 0, 0, 0
2be45521a353fac62b26c20759cd2f61_jpg.rf.7ca942c71f50ed5081cafb5804309bfc.jpg, 1, 0, 0, 0, 0, 0
11_jpg.rf.7f4af2995724a0f667029ca51ab7b85a.jpg, 1, 0, 0, 0, 0, 0
IMG_20240708_183119_jpg.rf.7ebd9d0c2dd83d130c7ef43088b72ba4.jpg, 1, 0, 0, 0, 0, 0
caf4bb6706fba95a89d8fc633f58056e_jpg.rf.7d67358538234f256ba58065df2ec252.jpg, 1, 0, 1, 0, 0, 0
765749dada5c2e26d3fd14a72f11209b_jpg.rf.7c115be8ea4f9e4ea3872652977c1a6d.jpg, 1, 0, 0, 0, 0, 0
9b6ae68ae5b753aeef1cbc52234bbc70_jpg.rf.802d0f79e9dc52b238395aceb0af5bb3.jpg, 1, 0, 0, 0, 0, 0
04692640defd2d25ebeac4bc56017433_jpg.rf.7af552c29e1a8e127aed19e4e7394d70.jpg, 1, 0, 0, 0, 0, 0
38ebc8b577ba931b551e25c6e7e4c87d_jpg.rf.7fdbffbccd75186f7e7ce650146b4322.jpg, 1, 0, 0, 0, 0, 0
74f0023893f9afc83ea4792dc55e8897_jpg.rf.7fa144e05372eac6d1567d7cabf002f8.jpg, 1, 0, 0, 0, 1, 0
df60ae7ea421c20b4a41491dafaab3e3_jpg.rf.7bba08f0cc850c0ec6796270285429dd.jpg, 1, 0, 0, 0, 0, 0
25131c1fe9a3e0d720b428499f6b68ad_jpg.rf.72cf3699c891e8be00219cb48a7e6aec.jpg, 1, 0, 1, 0, 1, 0
83864efe368fa0d200268bdd0beab074_jpg.rf.7b896cba8407aa53556f4a59ca237496.jpg, 1, 0, 0, 0, 0, 0
691fbaa31d7cfa526d61d632583f76aa_jpg.rf.80431d508b0b0a93dd37fad10c2b83a9.jpg, 1, 0, 1, 0, 0, 0
bd992a65ed74a060ba8fc1030d8bc7ee_jpg.rf.8304096da505c51542c9669b9fd0c2a0.jpg, 1, 0, 0, 0, 0, 0
ebb2a472d22b605bb9c08a2a3806dd1f_jpg.rf.7ddb64c1778b6026a9d51768dc0b7231.jpg, 1, 0, 0, 0, 0, 0
8782d0c018a61db130e976fa07868432_jpg.rf.829f9f28372233ae11dad726ba95a69a.jpg, 1, 0, 0, 0, 0, 0
9257b9ab5193a548417e55af64e48448_jpg.rf.834b956f26b8345e7b33ee6b7c6110b4.jpg, 1, 0, 0, 0, 0, 0
69dec1aa7f0be8062a61df69216a31c4_jpg.rf.839f13f62a02b01f4fb840a335f41abc.jpg, 1, 0, 0, 0, 0, 0
c313d6c5f77e0f8797f130eea5f5893a_jpg.rf.865c9a587d2a0fe14f284d214a0d4e0b.jpg, 1, 0, 0, 0, 1, 0
43e34d00fa1807af534a4eee387af3c5_jpg.rf.857ae1eb66254b817f4ddd93b8f648b3.jpg, 1, 0, 0, 0, 0, 0
0c5e1fdd03888cf1e50191e1c6e62b08_jpg.rf.850263ba052bbe4104e8a3682f1ddd13.jpg, 1, 0, 0, 0, 0, 0
03527993d500ee7cb445ade99e2d2cf4_jpg.rf.86e2bb4efbcad095a93bbdf644319a63.jpg, 1, 0, 0, 0, 1, 0
5a99e88babe97b2507e53848148c3539_jpg.rf.82c4616b68d304147e56d7d059588fd4.jpg, 1, 0, 0, 0, 0, 0
4e588f9e4f9057b7657b4f2e1daa7f89_jpg.rf.7d0338a073caf08ba9c25fc0de8bba25.jpg, 1, 0, 0, 0, 0, 0
35ea124aaf378cbbb834c13be7e594ea_jpg.rf.84e935a59df3cfd31184bfede4e57c31.jpg, 1, 0, 1, 0, 0, 0
2102cde276c7d26b150b7ecf1256e197_jpg.rf.82de9ab6c72ab7ea0ab70c4f91c3df79.jpg, 1, 0, 0, 0, 0, 0
spine071_jpeg_jpg.rf.85b59b77da3c87478f8beae464a706ce.jpg, 1, 0, 0, 0, 0, 0
1f96297b912b7e7b485446ff0fcd969f_jpg.rf.8564f4523631130263820f9765abfcf8.jpg, 1, 0, 0, 0, 0, 0
e6640c4f68b00779942e35f1d092dcc8_jpg.rf.868d44ae42f5edb604b5b260dfad2467.jpg, 1, 0, 0, 0, 0, 0
IMG_20240708_182948_jpg.rf.8716f1f318c36a72396143cdd20ad0c8.jpg, 1, 0, 0, 0, 0, 0
9b140088d0bf0b3d2223b12ca26798f2_jpg.rf.830499627b6cb26822f73417f63d53af.jpg, 1, 0, 1, 0, 0, 0
IMG_2969_jpg.rf.80e39e3b3dfa05f00ce7f33a834534a4.jpg, 1, 0, 0, 0, 0, 0
d03b93cf2d5edde5fe7e0b82320eea3e_jpg.rf.882bd97872fe0c756b84a75efe39e29f.jpg, 1, 0, 0, 0, 0, 0
WhatsApp-Image-2022-01-05-at-15-38-55-1-_jpeg_jpg.rf.87894b34678670964dbdc6f1f03acec1.jpg, 1, 0, 0, 0, 0, 0
f99e43ff6aca64a051f45ff6fbee1e50_jpg.rf.8665a31ec2824153852695448eccabcc.jpg, 1, 0, 0, 0, 0, 0
462545730_506728915469154_62727123287990422_n_jpg.rf.83c66d9f2838c5b18a9a8608bce376e4.jpg, 1, 0, 0, 0, 0, 0
951dbc0fa1c57c6493ccece3828d4a41_jpg.rf.877327d36e2b995552171caa059751d0.jpg, 1, 0, 0, 0, 0, 0
86335fe75fb42a6640da658391af12ca_jpg.rf.88bf6fc89a16537021ba748954328c10.jpg, 1, 0, 0, 0, 0, 0
photo_2024-07-15_14-01-40_jpg.rf.864e9c653b2a14341dbc5c6eae99319e.jpg, 1, 0, 0, 0, 0, 0
e9ce0273e335d688f9e30fe437d8a171_jpg.rf.86b753ff599083529fa9889df3847a7b.jpg, 1, 0, 0, 0, 0, 0
5a98396c6269836910140cfb01390172_jpg.rf.876f02e5e48fa5f7a63460f2e0e185ee.jpg, 1, 0, 0, 0, 0, 0
7ca5302d216dde081721601141631714_jpg.rf.87d52f4feb2ea2d493794df311c6b9b6.jpg, 1, 1, 0, 1, 0, 0
3bed6c14b61f5e2313093aa40589748e_jpg.rf.88c5e65ee56ab7bee347f0ed36f45818.jpg, 1, 0, 0, 0, 0, 0
20241005_153502_jpg.rf.8a94ca98cc9608c26cb5ed5fa0ac620f.jpg, 1, 0, 0, 0, 0, 0
5c381e151c797bc12d06922732b4c5e6_jpg.rf.8a7a58c7f9af106a805843cfffc71e94.jpg, 1, 0, 0, 0, 0, 0
photo_2024-07-15_14-01-53_jpg.rf.80525647f93fe16aaf2cf404f78e0eed.jpg, 1, 0, 0, 0, 0, 0
aa4e665a39fbdb4ef2ec2730ad4f2593_jpg.rf.8a2d0d2dec007694f39cd9a4eb2072b8.jpg, 1, 0, 0, 0, 0, 0
5c8b3646e5f3cf6d34b417a1f8d8c2df_jpg.rf.8990c5b0fa5e6d0756cb1fb56540acb5.jpg, 1, 0, 0, 0, 0, 0
d45a330bb995879439f9f548eefbeb48_jpg.rf.8a6808185410dbb945b01f233ba23609.jpg, 1, 0, 0, 0, 0, 0
36f9bd6f5318bc2e1d2d68be3f707378_jpg.rf.def928f3fdb7901e6d931eae9e61f8fc.jpg, 1, 0, 0, 0, 0, 0
f8ac12b8b156983ce1112ab76453ca1a_jpg.rf.e415eb42a06cc50c4ac013e6b3cd5ef8.jpg, 1, 0, 0, 0, 0, 0
20241008_145253_jpg.rf.e5741e136bc225181f618c02415be50d.jpg, 1, 0, 0, 0, 0, 0
photo_2024-07-15_14-01-58-2-_jpg.rf.e8643a750f17b7b5cb66812cbc62998c.jpg, 1, 0, 0, 0, 0, 0
00612d433b7b671909ba1a2da353ba2b_jpg.rf.e928dd38c7d108f595359c817a6182cd.jpg, 1, 0, 0, 0, 0, 0
photo_2024-07-15_14-01-51_jpg.rf.e60a83405c1a53ce67a9ef304b24ea00.jpg, 1, 0, 0, 0, 0, 0
0_041_jpg.rf.e0dc28f7f94c0cc85fc58afd4a4ce14a.jpg, 1, 0, 0, 0, 0, 0
424b7b5786535dd3f0c3421cdf033b00_jpg.rf.e8d228d3fe4e4e0b82e26af5e196fc15.jpg, 1, 0, 0, 0, 0, 0
IMG20240725191518_jpg.rf.e33c6ad57c3a38877e0590f568180beb.jpg, 1, 0, 0, 0, 0, 0
d3c9d63b68643427eb73295f7df681eb_jpg.rf.e770decff8f4fa18a8e086a84470884e.jpg, 1, 0, 0, 0, 0, 0
IMG_20240708_191617_jpg.rf.e94e984835374dfc9da11cbc8b9b52d6.jpg, 1, 0, 0, 0, 0, 0
bookspines_jpg.rf.e7a4bfd1ed96db52a76132b349783e32.jpg, 1, 0, 0, 0, 0, 0
photo_2024-07-15_14-01-54-2-_jpg.rf.e8d3dc61ec73b268d9936f37b890b5a6.jpg, 1, 0, 0, 0, 0, 0
4ab20414063caa2739af061ffb6bc940_jpg.rf.e9762934c2e7c60555ef75b91fab3474.jpg, 1, 0, 0, 0, 0, 0
b785e749096d2ea12bdfb0059453604e_jpg.rf.e98dec3a1fe6e11348414c06c320e106.jpg, 1, 0, 0, 0, 0, 0
204c2e2dade67a9fe5f9b095f835e8ac_jpg.rf.e99ffcf3b4aa315b8c95201a439bdd6c.jpg, 1, 0, 0, 0, 0, 0
e2b6ae720c2d92c62da185da74786b46_jpg.rf.e1496b7263e7ce188a37e5996020609a.jpg, 1, 0, 1, 0, 0, 0
140b493c3df0048397babb6d1af6266f_jpg.rf.e9fce9f172f8d9199ad6a677c614871a.jpg, 1, 0, 0, 0, 0, 0
841a6e01ef916c8e9fa7596107790c60_jpg.rf.e2f91f6aef102147d0fcf9f1b9461d96.jpg, 1, 0, 1, 0, 0, 0
3096b7d9aede00729767d428a8ede8c7_jpg.rf.e305805f2856ad51590baef7c831ad8d.jpg, 1, 1, 0, 0, 0, 0
0f484990e0b09482f29675ca15cae768_jpg.rf.e9a4f825a4a6ecc393aa9c098d0ae729.jpg, 1, 0, 0, 0, 0, 0
20241008_145224_jpg.rf.ea7b97e93d5e910ee8dbe27f86824330.jpg, 1, 0, 0, 0, 0, 0
012163a70536012241cc60a8febc4a8e_jpg.rf.e08423f4cb512b23b43ba93eb0067b14.jpg, 1, 0, 0, 0, 0, 0
94e366a50566c3393b53dbb42ab0a6d6_jpg.rf.eab03c812d7e464f7310d696e2a4f098.jpg, 1, 0, 0, 0, 0, 0
Untitled2_jpg.rf.e9bed22c98e891f537c2c271a7ccc811.jpg, 1, 0, 0, 0, 0, 0
dfea22be64a2fc120e3a6acf11d4ab0a_jpg.rf.eab8350cecef0ef7546b02a302417ed6.jpg, 1, 0, 0, 0, 0, 0
IMG_20240708_182016_jpg.rf.eb8ed3c1bd6782d1be5f779879f37410.jpg, 1, 0, 0, 0, 0, 0
e44207fea1bb03fe79451fc709cdab9b_jpg.rf.e2b085d0c2b5e71214925336240fbdb6.jpg, 1, 0, 0, 0, 0, 0
41a46c655cfcec112365167452b13d94_jpg.rf.ec1582b24e5c2c856d36fd49dc07dca7.jpg, 1, 0, 0, 0, 0, 0
4918dcda9f35cfa776118fdb0174fc23_jpg.rf.e617bcf327ec6194f600c27eae9ad89d.jpg, 0, 0, 0, 0, 0, 0
7d95e3f1699447cb5dece0cdcb35110a_jpg.rf.e6f5c0cd6cffc812c3f1f47aae669903.jpg, 1, 0, 0, 0, 0, 0
photo_2024-07-15_14-02-00_jpg.rf.eabec4f32d51f148eb512567cf49ed8b.jpg, 1, 0, 0, 0, 0, 0
2d23efd51eadc1c93a4fe676413b456b_jpg.rf.ec328d1151de8375a7a01d862cbb2189.jpg, 1, 0, 0, 0, 0, 0
13_jpg.rf.ede73339e1d41d238036fdcbbaa00d33.jpg, 1, 0, 0, 0, 0, 0
a02b00bf4d6578324112da821957bc10_jpg.rf.e8189c650897df9db730856867366ea2.jpg, 1, 0, 0, 0, 0, 0
9f692f9005b2aafcca898e7c4f790bb2_jpg.rf.ec5a512f8aaa4352fd51f795f0657032.jpg, 1, 0, 0, 0, 0, 0
wj52cvgkrij51_jpg.rf.ee02d0e878a2c8241cb570ad824f4713.jpg, 1, 0, 0, 0, 0, 0
97c74edff57f68455491ad2f20494f6e_jpg.rf.de706fd62412d4e9a9d4ae28ed6f82bd.jpg, 1, 0, 0, 0, 0, 0
d15de6906a9019cc14eaa70c04a4b64d_jpg.rf.ec4ff314cfedd2a682d52813217c8779.jpg, 1, 0, 1, 0, 1, 0
94e366a50566c3393b53dbb42ab0a6d6_jpg.rf.ec6601fd5d3a0a8ddbe2312f55d4e374.jpg, 1, 0, 0, 0, 0, 0
de51be477482673a2e77954c36965f3a_jpg.rf.e49c1971db330f69ea04c5072e8f7444.jpg, 1, 1, 1, 0, 0, 0
24a7dce2968ec03c9debbf39102a68e2_jpg.rf.ece6d6a4200a3813ff846cf91256deae.jpg, 1, 0, 0, 0, 1, 0
6170f38a304106fae529db43cce3f7be_jpg.rf.eecced84cc46444d116c5d135dadc9ba.jpg, 1, 0, 0, 0, 0, 0
8fccba3dda0b597cb5df7e3e4ae1574c_jpg.rf.eb908cbc0fb0d5ae875aee09ec91f3aa.jpg, 1, 0, 0, 0, 0, 0
5e0f2d35b1348f0ef10885daac2ee1be_jpg.rf.e0360f5ca3b90c0c70e4a2656a151902.jpg, 1, 0, 0, 0, 0, 0
library720_mov-0019_jpg.rf.e5dc5b6fc79160c42d1f9351277471c5.jpg, 1, 0, 0, 0, 0, 0
1bc39b068f95cd4a0b9cb996375d30c0_jpg.rf.edc04cdae8c5fcb6652d3e5f3fc6993d.jpg, 1, 0, 0, 0, 0, 0
ea9bd700f097b4db51e686e6a03039ea_jpg.rf.ec83a1f6155bbda232d5270118a433d5.jpg, 1, 0, 0, 0, 0, 0
9de6da34caac949593743a18eb2bf6b8_jpg.rf.ef2d49631222a703a4f5d1a13b2e2840.jpg, 1, 0, 1, 0, 0, 0
d2ac0834b6e2373d2fc1533cafd13c6d_jpg.rf.efae636b7ebcba944af2852a8a5c51fb.jpg, 1, 0, 0, 0, 1, 0
bafb0a7fcfacf4f7fa64438677c561cb_jpg.rf.e6439a26bd717529b68395c1b738140d.jpg, 1, 0, 0, 0, 0, 0
IMG_4678_jpeg_jpg.rf.eef4334864f75e1caee642173754eb12.jpg, 1, 0, 0, 0, 0, 0
d66536b90810846ab82148653b43549e_jpg.rf.ec30fa2dca30ae667ff800968a7a62e9.jpg, 1, 0, 0, 0, 0, 0
d725c601281d3f9f15e7986680c284b9_jpg.rf.e7651d9e8c0679096d9ebe400475d26a.jpg, 1, 0, 0, 0, 0, 0
a1a5b9de9592c9821b9995fcbebd436d_jpg.rf.e13e9e944f7ee3cde540f7ac3390bfb9.jpg, 1, 0, 0, 0, 0, 0
c6339e672fe42b157ea68bb604553079_jpg.rf.efa980698978825cfabdb51a375f8d25.jpg, 1, 0, 0, 0, 0, 0
c7c1700dbbdb5434eadb068cecfb99f4_jpg.rf.f2641632686cba0fb3bb9cf87456f924.jpg, 1, 0, 0, 0, 0, 0
757b3afe97c9fe3151345dbbb2b513a5_jpg.rf.f281bbd5abcc3b0fc4bab82668b45755.jpg, 1, 0, 0, 0, 0, 0
11768885980a66fa3f364c63e6a1d907_jpg.rf.f1e3f83f4876401a0ef02894a2e27eb6.jpg, 1, 0, 0, 0, 0, 0
a1ba5e08cdb64be535311e23d4f4fc29_jpg.rf.f21483470111bda0defa2c9c5fb3c5c0.jpg, 1, 0, 0, 0, 0, 0
d28ab5fb930aad57846c02232d7cb404_jpg.rf.ee6592ddfd1ffd5449f1c28e5f5ac07b.jpg, 1, 0, 1, 0, 1, 0
e3ebc068b6a07eff1ff4f7bf93f39da3_jpg.rf.f11df9d5fd3297c77cb6daa99c602d3d.jpg, 1, 0, 0, 0, 0, 1
34c7663369b2ebc4db91a76526189332_jpg.rf.f1a8c2c23aaa438019af97dec2e926cc.jpg, 1, 0, 0, 0, 0, 0
6de0a881d18b6501cacb0ec80de1813a_jpg.rf.f11d946d84e40b00fb4071558e2931f5.jpg, 1, 0, 0, 0, 0, 0
9ea103d1f3682b5e4acb1b9b9c3a821d_jpg.rf.ef6014fc4a7914d2469806a9e1e93d30.jpg, 1, 0, 0, 0, 0, 0
47aa75c938e3ae09efab079889a18fb9_jpg.rf.f0e8085d4a2f7910fd731cf06c1f0a99.jpg, 1, 0, 0, 0, 0, 0
46b193370a9f993d1de8cd20887d9d5a-1-_jpg.rf.f41291592e0a82b93fdef6629c9180b9.jpg, 1, 0, 0, 0, 0, 0
4359031f3a2714a91b0a923b0d1cb290_jpg.rf.f28a3d5ba62c277f53f0b2d866b0b5e6.jpg, 1, 0, 1, 0, 0, 1
41731d8bd05b56e04cda5abc05bd5c89_jpg.rf.f314dfe51e124ca5e934ac2e0fc5e387.jpg, 1, 0, 0, 0, 0, 0
3a86aa04a3c830a5dcdb4617b77f345e_jpg.rf.f44c7f77d91cb0b548492f97de28b240.jpg, 1, 0, 0, 0, 0, 0
3f0b3f81c1ceede827349dd58036292b_jpg.rf.f1534e2626594d78187ac67fa69df9ec.jpg, 1, 0, 0, 0, 0, 0
a2256d3e0aa8ebf115dbf9653d8ff1ac_jpg.rf.f4132c647efcf545c5e735ba3ab67a01.jpg, 1, 0, 0, 0, 0, 0
7683d077daca8d0e5a6354f16225ad7d_jpg.rf.efffa9691b199c741ccbb7a84e324318.jpg, 1, 0, 0, 0, 0, 0
3b52ef4e07870d7c41096d4fbede404d_jpg.rf.efc04669fb8adbbad9c1868816a0337e.jpg, 1, 0, 0, 0, 0, 0
89a200686a410bbf9b1c63cb8debedad_jpg.rf.f2ac27d755c336a8d213f8debec9d2dd.jpg, 1, 0, 0, 0, 0, 0
3e35ce1276eae803a2948fe3bcc7fe53_jpg.rf.f10f5a6a5975218af3de31a2240d0b59.jpg, 1, 0, 0, 0, 0, 0
8c6d1866ac880a9bec694dbeb1b4733f_jpg.rf.f61ac8807043a145d3f549ab3be2e6ba.jpg, 1, 0, 0, 0, 0, 0
1d39e43faab4b8c123419fe9b3b3d846_jpg.rf.f72ffe27fbc0284bc36647e246870006.jpg, 1, 0, 0, 0, 0, 0
ab993ff13c3387906be1adf84ba5e2f5_jpg.rf.e6ebd578258506661c367dca2b735e8c.jpg, 1, 0, 0, 0, 0, 0
IMG_20240708_182114_jpg.rf.f80a3e7e2e429acbd5367bb21d027a3b.jpg, 1, 0, 0, 0, 0, 0
row-old-books-cover-spines-260nw-18275497_jpg.rf.f8a8e28dd615f0952dae977bfa744896.jpg, 1, 0, 0, 0, 0, 0
2de558a00423db42c8ba1a4a4fa9cbb2_jpg.rf.f80e51d934f76d092069c589352150db.jpg, 1, 0, 0, 0, 0, 0
2d9fff20f767966db401d7ac4a5dc8fe_jpg.rf.f1e747629b90eb17bdb48a1656b719b9.jpg, 1, 0, 0, 0, 0, 0
a99bc735af445ea448fb1836476ee2b2_jpg.rf.f618dbd07fddb6edbda549a20a38822c.jpg, 1, 0, 0, 0, 0, 0
2173f062c1cb4e1d4380e99304c4a084_jpg.rf.f6c918aa4ac87da4b90e7b6cb83f68b7.jpg, 1, 0, 0, 0, 0, 0
84e2d65cb7f35f257474737723cdbe69_jpg.rf.f53b41f8ae7c3ae799ffce21899ac1bd.jpg, 1, 0, 0, 0, 0, 0
IMG_20240708_183708_jpg.rf.f811374b1c3f9db053cb9e99bceca63c.jpg, 1, 0, 0, 0, 0, 0
adf2665cb4fe11d14805b02bf8425009_jpg.rf.f99af4ed2dba60c002d69f05946f2079.jpg, 1, 0, 0, 0, 0, 0
f927065d54130ffdfb52250e9847bce5_jpg.rf.f8bbf5b852cd62fc7e99a175d19880d7.jpg, 1, 0, 0, 0, 0, 0
758269969797ee5868834a6540f4914a_jpg.rf.f97c97e4925bee25f91a804b0f9a3e14.jpg, 1, 0, 0, 0, 0, 0
e407f33d39473526f100f285f7db555b_jpg.rf.fa42a9583a61e391353752d4a458ad52.jpg, 1, 0, 0, 0, 0, 0
9ce95c9b123a7fe11c017eebbda55c35_jpg.rf.f90395c640474d13ad4dc4c8d5d6a2f8.jpg, 1, 0, 0, 0, 0, 0
e4a44cade867ca3e011af9e1602ab796_jpg.rf.f7c1f5e652f3a1594c34af021aa4a6de.jpg, 1, 0, 1, 0, 0, 0
photo_2024-07-12_17-11-54-3-_jpg.rf.fa5764386936b6b57dacd65c9aded4d3.jpg, 1, 0, 0, 0, 0, 0
photo_2024-07-12_17-11-56-7-_jpg.rf.f9a5cd889e659f23c170388d0ee1639e.jpg, 1, 0, 0, 0, 0, 0
4f1d4e18f664297099348f00ab632c0a_jpg.rf.f8356cd5cc03b79aa725b2f9dc020810.jpg, 1, 0, 0, 0, 0, 0
c0bef0e612908042e64fefcb8d995af1_jpg.rf.faa38d7be4baec8a8f8d7774e03c0503.jpg, 1, 0, 1, 0, 0, 0
b47acd8c8888be5da2be236664996328_jpg.rf.f9f24fb34aaab7fcb2596c65ec05ba4e.jpg, 1, 0, 0, 0, 0, 1
d44a9da9976266d00a1db5b9578ca706_jpg.rf.f8c955bd193702b9af3110c29172f993.jpg, 1, 0, 0, 0, 0, 0
5c5188150efaa8eb7109ef053f78b8a9_jpg.rf.fce00ce9cd2f45c9405a4b754546433e.jpg, 1, 0, 0, 0, 0, 0
3d8bb2f9ca257857ccb9132a7cd91a29_jpg.rf.ff3a3c88b1300128229d34be5d3e3b0a.jpg, 1, 0, 0, 0, 0, 0
eb35d831e052d5179758d867b5a130af_jpg.rf.fbe4627182063a6289405d2b1398e3f3.jpg, 1, 0, 0, 0, 1, 0
20241008_145307_jpg.rf.fbdf73ff83bc96b249cacff2018d3ff6.jpg, 1, 0, 0, 0, 0, 0
43905dc3a9a4d913c718d7597d95ca85_jpg.rf.f62ecdc4831145a91cf39a1f92702bb0.jpg, 1, 0, 0, 0, 0, 0
5e87f47445bec03e6d134ef5470edfd2_jpg.rf.fd9b4c51ad8846d109f73de749ea7cd4.jpg, 1, 1, 0, 0, 0, 0
2993e3f3c12479d5c3f4fe4fea1c7410_jpg.rf.ff4a9ae915e27c7fdf33373f64dbd78e.jpg, 1, 0, 0, 0, 1, 0
425f551951bb7587b9946395cbcc489f_jpg.rf.fb2bdbb262eae1d4a50fd7587d5c311c.jpg, 1, 0, 0, 0, 0, 0
903f1ef5bf76bd440124b6d3ddceaa1f_jpg.rf.fc187070b5dd1c5fcddba8541945bc48.jpg, 1, 0, 0, 0, 0, 0
6d6a4f2b0a5bed44a1c888483ed5a4b5_jpg.rf.fcbd35ae0ae93b456cc6b76ae6b4a5db.jpg, 1, 0, 0, 0, 0, 0
df81b414e39c71cc02a79b1096188e35_jpg.rf.fd09e6375f65a04c0a03c5bca6fe3c8e.jpg, 1, 0, 0, 0, 1, 0
7fa32df2863048389723ee5aac5a4c8a_jpg.rf.ff93038818fe400058c0f213ef3505a4.jpg, 1, 0, 0, 0, 0, 0
IMG_20210830_160318_jpg.rf.fbe84fb51020b0a2124995c9537809b9.jpg, 1, 0, 0, 0, 0, 0
53584ed546646e2ad9eac522863a0b02_jpg.rf.fff1a88918ea75f3a66912879b9eae20.jpg, 1, 0, 0, 0, 0, 0
f7406db049ca9631b4dabe72659766c1_jpg.rf.ffaf95232bfd7bfb8b67da2b040d9e8c.jpg, 1, 0, 0, 0, 0, 1
be55173c8a2e50f71338f1170f10efad_jpg.rf.fcef9cfb99af97575eaac1001c5a0f1b.jpg, 1, 0, 0, 0, 0, 0
f8b910118c3961712b16b3146c3e617d_jpg.rf.8d35ebf4d32ef7e7609fd3d55ff93c71.jpg, 1, 0, 0, 0, 0, 0
fc9806a53f761cd81e984de11496958b_jpg.rf.95cab3b1fa232a8b21c865ec390354a8.jpg, 1, 0, 0, 0, 0, 0
622ead4d1be9a71741247f3b631679fc_jpg.rf.8b8cbd42de2916323f3b37d91a820b4d.jpg, 1, 0, 0, 0, 0, 0
0b6ee067a097a62b6f0610274d209adc_jpg.rf.8abdb6eb1c816ee9ddb469f9cf8ca58f.jpg, 1, 0, 0, 0, 0, 0
a10210b0e6d7b547c2fc81744bdace96_jpg.rf.8ce82f819564d5adc9011ebc84d927f0.jpg, 1, 0, 0, 0, 0, 0
photo_2024-07-11_15-19-17_jpg.rf.96158e2e2f2697288e69899b780530ce.jpg, 1, 0, 0, 0, 0, 0
af7d772a15a3aba45acf7e51d3d7c75f_jpg.rf.8b044884a2b498c3ab5b2c9aeed168ab.jpg, 1, 0, 0, 0, 0, 0
7a6a59644c9a92c3e23feb8c8b03ed5f_jpg.rf.8c5c3e4618ff3c6410579824c44a3cfd.jpg, 1, 0, 0, 0, 1, 0
18435d38b918adb3a0edaa1b66720821_jpg.rf.95fb04258ef49024bc1791d19b23e74f.jpg, 1, 0, 0, 0, 0, 0
246dc69fa44362237c6392f12a52c0cc_jpg.rf.8c7839985eb779082208458d427d1ed5.jpg, 1, 0, 0, 0, 0, 0
de96c9db49e6fe1082f3940b27b9c126_jpg.rf.962286b4491bea0290eb8bca5dc53ac8.jpg, 1, 0, 0, 0, 0, 0
b56698930011df9bb9744acd5219340c_jpg.rf.96168a5a182b5febaf58274f19c52d5f.jpg, 1, 0, 1, 0, 0, 0
ef18a307d93a73368880783813842d2f_jpg.rf.8d1622e3a3fb21367ea07e08c3b23597.jpg, 1, 0, 0, 0, 1, 0
IMG_9672_jpg.rf.941d58e7b34d9a33595dab8adeb6b854.jpg, 1, 0, 0, 0, 0, 0
3754820d719bf1fbac58176d25ff785d_jpg.rf.8d7ef23fd8bbb601db8d1ba82c2bba1a.jpg, 1, 0, 0, 0, 0, 0
a655f6abd95bb195346a79e350cb4bf5_jpg.rf.96c065be0bc410a165addc5cdaad7462.jpg, 1, 0, 0, 0, 0, 0
b37067b289db5abe40842a68f4129f85_jpg.rf.98bfe79b39ce13ed291000c03084219f.jpg, 1, 0, 0, 0, 0, 0
046d9eaaa11a505aeccb5951263678a3_jpg.rf.986dd4fc69b8cbb3d89f0faec2e3f4ec.jpg, 1, 0, 0, 0, 0, 0
d3c85c221367af24b210a8a071baeaaa_jpg.rf.8fb1fcdff8b57961417e6b9b04d9125a.jpg, 1, 0, 0, 0, 0, 0
aa535c0a2a499422472cc9e2e83874b6_jpg.rf.97dc348a66a4aefb9ad7c1aa46e5bdf2.jpg, 1, 0, 0, 0, 0, 0
de39233ac77bb80f91560cee1b4d8a83_jpg.rf.90f03d3bbcdf9e97ed3ef41c31d5303c.jpg, 1, 0, 0, 0, 0, 0
8d5634dfe08d18fbe7f236135af3cf98_jpg.rf.97a2fc5149bebf42f4277dda4254f1ba.jpg, 1, 0, 0, 0, 0, 0
47a44be9b8dead2780b176d058077997_jpg.rf.98a9be90f1f199df57145b44bda1bc7d.jpg, 1, 0, 0, 0, 0, 0
20241005_131840_jpg.rf.97c4eb6953f7e63ec390e278aec24802.jpg, 1, 0, 0, 0, 0, 0
1376cc314fbd90214bcd71394b6e0bda_jpg.rf.98d96fb1ab9360c9369519287b6f7f67.jpg, 1, 0, 0, 0, 0, 0
be0ce863b4f92432328634225f146dcb_jpg.rf.97546c628aa48b2c4f577ce429f2934b.jpg, 1, 0, 0, 0, 0, 0
9467c470c3dd4caa80eb510ff6920ed6_jpg.rf.97a851952964d058bbbabf86b083dd50.jpg, 1, 0, 0, 0, 0, 0
c5aed3044462ae72fd5e6cedefcd3c5f_jpg.rf.98d932aebd23158de3124d8b3de50677.jpg, 1, 0, 0, 0, 0, 0
8ee703d3cd71c497f39d53a08373860a_jpg.rf.9b031231f8d47280b719493d1cb2b492.jpg, 1, 0, 0, 0, 0, 0
IMG_20240708_183009_jpg.rf.9bb8f3424ecf8a82be01adccaac0f791.jpg, 1, 0, 0, 0, 0, 0
43807ce4fe6f4db56cc6f1f95038cafa_jpg.rf.926fe6f178d61892ed7f10cd13d84775.jpg, 1, 0, 0, 0, 0, 0
1c029aa849750de614cfe9235d84f1c2_jpg.rf.9ba3c1494b008eb060fda9cc68b49d05.jpg, 1, 0, 1, 0, 0, 0
32cad17d3584a0589a7d607bb379e4a0_jpg.rf.8ee5114c9e937b1504c6fa00e90c1130.jpg, 1, 0, 0, 0, 0, 0
photo_2024-07-12_17-11-56-3-_jpg.rf.99412b1b632245d5962d4935bb60aa71.jpg, 1, 0, 0, 0, 0, 0
c5d9f41e8c8a2ea88f2c753ccda1959e_jpg.rf.922c3d1bcc1df1fc5b792ee7bd236efe.jpg, 1, 0, 0, 0, 0, 0
7fc2e424bb48b2698919b3d1ece98ae1_jpg.rf.99b39b14f2ef296df2e0b5b93e8924ec.jpg, 1, 0, 0, 0, 0, 0
photo_2024-07-12_17-11-54_jpg.rf.9caabf4ee55d02589f2d4b1af8cd560e.jpg, 1, 0, 0, 0, 0, 0
photo_2024-07-12_17-11-55-4-_jpg.rf.91cad25f1eb9717065006dac03033ec3.jpg, 1, 0, 0, 0, 0, 0
photo_2024-07-15_14-01-59_jpg.rf.9256b3a640a8c60ac0d182615e47bf5f.jpg, 1, 0, 0, 0, 0, 0
c94000c1723f4c5cdb15273da6fcdfb9_jpg.rf.8ddb51ae8c2ebc6be6ea7955c7a7ea34.jpg, 1, 0, 0, 0, 0, 0
3eb90043bf26efe8f26f20d735fa70d1_jpg.rf.91c956dd322dec626a88d462d7115366.jpg, 1, 0, 0, 0, 0, 0
photo_2024-07-15_14-02-03-4-_jpg.rf.9cf87e9f7e0c6f62c9e948b67bd1c8b1.jpg, 1, 0, 0, 0, 0, 0
20241008_145557_jpg.rf.9e547ab30a91658108c8ad49f06762f0.jpg, 1, 0, 0, 0, 0, 0
5daae9dd57e2ad24c88feb0b47bdc9b8_jpg.rf.9e98805c1a47d101722941309cfc16b9.jpg, 1, 0, 0, 0, 0, 0
28ede9a4694b13b4266cb447e3364767_jpg.rf.91b1c61001ee1db60a987e9efd5dba78.jpg, 1, 0, 0, 0, 0, 0
3471bc83799e8d72a9449614423675fc_jpg.rf.953181c4593d95b021c2c5cba8458944.jpg, 1, 0, 0, 0, 1, 0
f537b021bfb837e325c03491c59681be_jpg.rf.a0af1f3d801071187dbc9a36e355d531.jpg, 1, 0, 0, 0, 0, 0
dc57ca8cce8863373b67731fd066ca4c_jpg.rf.9defa421e9a98e07309f98c3ee0d7b7b.jpg, 1, 1, 0, 0, 0, 0
8d17cdb0581a5dd090d3c6463b6c914d_jpg.rf.9eb21391e5d298987c1d3025e4b95c36.jpg, 1, 0, 0, 0, 0, 0
photo_2024-07-12_17-11-53-6-_jpg.rf.a191008bb5919ef5362321de628297af.jpg, 1, 0, 0, 0, 0, 0
0d2794c0a2cc99ed36daf8ab269b11a2_jpg.rf.a23e67fa28fbf45734bb608cba4e5db4.jpg, 1, 0, 0, 0, 0, 0
3159a435766f3b0c0c40a6010260a4f4_jpg.rf.a0dc747b3bfc14bc96b176774f163ae2.jpg, 1, 0, 0, 0, 0, 0
332628fafaf3d2c6c816c05cef41cf6f_jpg.rf.9df912dab49cdb9cd7c8a0966b05aaf5.jpg, 1, 0, 0, 0, 0, 0
d6427865178a10ca0dc51eb3f271ff05_jpg.rf.a42cdfb87e0c038b39a8ced49a125267.jpg, 1, 0, 0, 0, 0, 0
639a84aacd2f4d74d0fe996998e6c33c_jpg.rf.a33e4d88f85a0d834ed23e251f00380b.jpg, 1, 0, 0, 0, 0, 0
e00ab7e9cfedd6eb34af6ed2fc34e867_jpg.rf.a0d14b0f3a388ebf6e71d139a5ae5089.jpg, 1, 0, 0, 0, 0, 0
photo_2024-07-12_17-11-52_jpg.rf.a44ebc273738298764a53500829aa11f.jpg, 1, 0, 0, 0, 0, 0
24857dda712cd0dceb1b9632ba677177_jpg.rf.a43294d2d8c0ffa6710abdbb0f0fade7.jpg, 1, 0, 0, 0, 1, 0
fdb03d2f9fda6127875efbb398038315_jpg.rf.91e756f5f1710838581989d8e560f973.jpg, 1, 0, 0, 0, 0, 0
5d7d7f5694f8450f01e3e99254864545_jpg.rf.a34668a3a7052517d282c95823da16f9.jpg, 1, 0, 0, 0, 1, 0
photo_2024-07-15_14-02-04-4-_jpg.rf.a5e8bc3dc492785790d8e663404b9151.jpg, 1, 0, 0, 0, 0, 0
45c1f2238e7e92efe76464ed0a1a5768_jpg.rf.9f7f2378b904a43745fc0ed508807679.jpg, 1, 0, 0, 0, 0, 0
8f61f2de2e7d81622f5ab011e2dd6155_jpg.rf.a56a9f97c5e76cce98e1347154934fa8.jpg, 1, 0, 0, 0, 0, 0
0d0ac7b134be36cf36dd4ebc879a451d_jpg.rf.9f5cc2a29e8dda275259c88ba86b452a.jpg, 1, 0, 0, 0, 0, 0
2c381a6c3a7d2fa423932bd15c461522_jpg.rf.92896553a90df66405f745cb5fd35a2c.jpg, 1, 0, 0, 0, 0, 0
d16444b4d4826103e888539013aff46f_jpg.rf.a4956ab6ebe9402883be32dbb953fd77.jpg, 1, 0, 0, 0, 0, 0
1129d0cd4434be0838958dd1a0efaa79_jpg.rf.a84171b0241d7c7699beecd4aa6563bb.jpg, 1, 0, 0, 0, 0, 0
b4695e6580b4851de3956945b140bc67_jpg.rf.a384909adc04c94e820b896af3b5b51f.jpg, 1, 0, 0, 0, 0, 0
a68e8af51e913752aa0b56e04beff684_jpg.rf.a61fc055890a32253e02840e681b73e7.jpg, 1, 0, 0, 0, 0, 0
20241008_145541_jpg.rf.8c5afb7bb9b72cbd66a09268b8b6656e.jpg, 1, 0, 0, 0, 0, 0
6d43954f6ae7ad284d92b022041633b2_jpg.rf.a53115dc177f8c449e6fb65f85d634a9.jpg, 1, 0, 0, 0, 0, 0
0e25834a35c2aafc164baee2cfdbc839_jpg.rf.a503c202f028819c73ad3a113f634884.jpg, 1, 0, 0, 0, 0, 0
cad6737c000de6e8009899765712ef88_jpg.rf.a934699b2595e6fe55d26de88a1331c2.jpg, 1, 0, 0, 0, 0, 0
photo_2024-07-15_14-02-04_jpg.rf.a2e4fe33e9d5aa2ca957ce9fdbb21beb.jpg, 1, 0, 0, 0, 0, 0
eea1d07c660751f44e2e1b1dd134b2b9_jpg.rf.a99da7100bab347b4d74e63f0922a219.jpg, 1, 0, 0, 0, 0, 0
6723734eb0100ff1978cc884d2c0831d_jpg.rf.a8221c53f606d824893c509fdc3e8e4a.jpg, 1, 0, 0, 0, 0, 0
db7c0c98b002adc0067f46b6a2e4bef4_jpg.rf.a883adc88e8eb20e51dac025bc9a830d.jpg, 1, 0, 0, 0, 0, 0
c38_jpeg_jpg.rf.aa413bc9e8af17236d9d57fb59662cbb.jpg, 1, 0, 0, 0, 0, 0
0_004_jpg.rf.a6bd09000ee90b77d3ea2794107fe81e.jpg, 1, 0, 0, 0, 0, 0
7ec65e454b9910f1f44f8051498901fc_jpg.rf.ab4f8584e7594c70970f5a11df6d14fe.jpg, 1, 0, 0, 0, 0, 0
cd0bc47529ce9a02c01d078029e41003_jpg.rf.ab47d513fd60310894e642931b6d9318.jpg, 1, 0, 0, 0, 0, 0
591f33a696b999d8d34c5abd8968fb6a_jpg.rf.ab073131e7977b45cd12b99d37c6e9ff.jpg, 1, 0, 0, 0, 0, 0
9268a8e0638e06404ea79bb77924f3c1_jpg.rf.ac3122c6be508697ecec8b7dd8dc577f.jpg, 1, 0, 0, 0, 0, 0
photo_2024-07-12_17-11-53_jpg.rf.aa9dd65133ab83d6cb68d81112322e0c.jpg, 1, 0, 0, 0, 0, 0
20241005_143739_jpg.rf.ab8fc0c75231d06d2fbdc6b059cd498d.jpg, 1, 0, 0, 0, 0, 0
photo_2024-07-15_14-02-06-2-_jpg.rf.ac2cd94f1b7b924728ca6182dd3cac8d.jpg, 1, 0, 0, 0, 0, 0
d5b7d89d36ebd938999b2ccc76a3d90e_jpg.rf.adfea5b25276a5772dc33877fe5ac09f.jpg, 1, 0, 0, 0, 0, 0
9a99ab815c7b18e74ff31bb075585279_jpg.rf.b0220b1f12de0623134fe7eb6b697673.jpg, 1, 0, 0, 0, 0, 0
a42e52d31dec4004f86d655111079167_jpg.rf.adc7400fdd64136c18bba88740a06887.jpg, 1, 0, 0, 0, 0, 0
54a77b597d3b2df27b663446613df69b_jpg.rf.b0196ee51e5d1ed1adaf05d9d14a9e34.jpg, 1, 0, 0, 1, 0, 0
photo_2024-07-15_14-01-55_jpg.rf.ae664e43d1019348b70c19f8716a7bcf.jpg, 1, 0, 0, 0, 0, 0
photo_2024-07-12_17-11-56-4-_jpg.rf.ade8a8a1a42ea51237d5c9943cb43c54.jpg, 1, 0, 0, 0, 0, 0
9fd82fc482530f2eccef101fa3c922a4_jpg.rf.b09cc5b8c3c3c6d286d007698b954a1c.jpg, 1, 0, 0, 0, 0, 0
photo_2024-07-15_14-01-52-2-_jpg.rf.ac7653fc5eb67719550ac5efbba5d667.jpg, 1, 0, 0, 0, 0, 0
6_jpg.rf.ad70a1b19dfcc3a7dd4ef50cf60aadc0.jpg, 1, 0, 0, 0, 0, 0
14e235fa185d2ee2f3eb16da787e5821_jpg.rf.b24bd3d0518fe20276e4e00549ebe109.jpg, 1, 0, 0, 0, 0, 0
85e12519475ada8e0697cf9791e2fb86_jpg.rf.ab54473b2f861d10b65d2a50f2e4c00a.jpg, 1, 0, 0, 0, 0, 0
4470ff71279710e39a038de23e3c0f99_jpg.rf.b0462a252787fef85cc41944a2396df7.jpg, 1, 0, 0, 0, 0, 0
cef4d326bb9b23385d1097c69d31dafe_jpg.rf.b21a00799b089141fa325e9bfbc28ad7.jpg, 1, 0, 0, 0, 0, 0
8ec35fd9b87b1d6b38f77ac2ce0c4364_jpg.rf.ac9f59db56f1c28df9538cd6ca92c898.jpg, 1, 0, 0, 0, 0, 0
photo_2024-07-12_17-11-51_jpg.rf.acf5da03b28c2709db9ca764d3922b9d.jpg, 1, 0, 0, 0, 0, 0
IMG20240726162515_jpg.rf.b33c6c074cc124da16dc891d32897851.jpg, 1, 0, 0, 0, 0, 0
83f01a2618696499ae11bea3b75e3d80_jpg.rf.b095477aa6589439532fe6f0672d14f5.jpg, 1, 0, 1, 0, 0, 0
20241008_145242_jpg.rf.aed3ab4eb1a3bc116acbfbca2b5ebcac.jpg, 1, 0, 0, 0, 0, 0
book-spines_webp.rf.b113b0eda42e3419978ea854c392330c.jpg, 1, 0, 0, 0, 0, 0
7e946591cde46cbcf7d8a65a95434d5a_jpg.rf.b119e04cc8179710533008a8bb0a6c91.jpg, 1, 0, 0, 0, 0, 0
4cc28332a25bd7e6fa74541dc03933a8_jpg.rf.b2532d2f59380029853ebba3e3f3ecb9.jpg, 1, 0, 0, 0, 0, 0
b0d8376c3f7fd888d53fb06fffef31fc_jpg.rf.b57d6871f97f9340457a94f774fa0c1c.jpg, 1, 0, 0, 0, 0, 0
c2b890dc5df193f19141ecfadc1ee1a9_jpg.rf.b366dc13fc3d222cee1548d5c88e0f47.jpg, 1, 0, 0, 0, 0, 0
WhatsApp-Image-2022-01-05-at-15-38-55_jpeg_jpg.rf.b63993e805c2f0184aff048b183fd7f4.jpg, 1, 0, 0, 0, 0, 0
a3cf4e2aa9715e1b61ab79fcb27b097d_jpg.rf.b5dff24ef7e25ca4852e9dee9a51ead0.jpg, 1, 0, 0, 0, 0, 0
d07fa1f0d915fd98b4b5bce0bbf2873d_jpg.rf.b20d46cd33a63941912b890679a8af25.jpg, 1, 0, 0, 0, 1, 0
1d5a28846b394cd1e35c7d9185a66d56_jpg.rf.b5d50274b5fc09e4d61d9083907100bf.jpg, 1, 0, 0, 0, 0, 0
20241008_145317_jpg.rf.b3a9cc83dc0c6e207c82c737fdb56f55.jpg, 1, 0, 0, 0, 0, 0
eb7534e5b5c022a73f44299762e0a3ae_jpg.rf.b78fddc2f9b370daa1a80fe2755a442a.jpg, 1, 0, 0, 0, 0, 0
istockphoto-167222757-612x612_jpg.rf.abeedbcbe17bfd9ca3372b330299f856.jpg, 1, 0, 0, 0, 0, 0
d181dc704aee1e56a0b5a6dcf4533646_jpg.rf.b3c4f60c717e85603c5e0ce68c8e2cec.jpg, 1, 0, 0, 0, 0, 0
267907680b2305eb63544a293245f39e_jpg.rf.b6c04992beae7a66c7b64afca0198bad.jpg, 1, 0, 0, 0, 0, 0
a4ac3763c4a6664d3e0db24996c6e649_jpg.rf.b5b686170ee9ee48086a26db00223c74.jpg, 1, 0, 0, 0, 0, 0
b6d603435fb9914938728f49f99f4719_jpg.rf.bbca4db3c960546197ac71cdd5ae8b43.jpg, 1, 0, 1, 0, 1, 0
f976cc04d37503af5ccca9bbcf969fca_jpg.rf.b9d0bc93554b0fa4f749ef54fb4e8e9d.jpg, 1, 0, 0, 0, 0, 0
9285bf03973830383a1da839b9e313a5_jpg.rf.b91a74a4f3f05e97e3d883dc0435ca0b.jpg, 1, 0, 0, 0, 0, 0
325685f7d297372c87f7f874f0291f78_jpg.rf.b6ca47fa9e1f6a29461aee3994ee91c5.jpg, 1, 0, 0, 1, 0, 1
efb8fd2c87192801b820eca6bc54da10_jpg.rf.ba3b7942f5a1fd7cc40145997d7e73a2.jpg, 1, 0, 0, 0, 0, 0
a69d0d3f4acfdce24a71791e58e1e9e4_jpg.rf.b5c3f638e5a3ad48f939eeda93bd35b2.jpg, 1, 0, 0, 0, 0, 0
46b193370a9f993d1de8cd20887d9d5a_jpg.rf.b6b05dce8eb2c7028802041b8affc974.jpg, 1, 0, 0, 0, 0, 0
0233e36c58f1823ac3ab520b6616fc59_jpg.rf.b7f01d68f7bc8c5d3f93b12d4ab99e88.jpg, 1, 0, 0, 0, 0, 0
9b131409e4561dcf2163e54f5d99ff44_jpg.rf.badc6b6fb7e09abbe3586a21fd55b24d.jpg, 1, 0, 0, 0, 0, 0
2634a4eeba62f2e56495884c22cf2811_jpg.rf.bbe4cad840627f13e18acdf21e7cac4b.jpg, 1, 0, 0, 0, 0, 0
a2a88d11d73ae64bb183ab43232f225e_jpg.rf.bbb31c193716c7b560218b96a6e88f9a.jpg, 1, 0, 1, 0, 0, 0
istockphoto-824628082-170667a_jpg.rf.bd9d94896b4cd1aa3a3aea5e7472691e.jpg, 1, 0, 0, 0, 0, 0
8b720e98347b5c929362bfb8a48d3bca_jpg.rf.bdee5dd015a66b062ee6efcd32ce34ff.jpg, 1, 0, 0, 0, 0, 0
bdf1ad8d40c78ccc021b2dc1d325b4e2_jpg.rf.be5d2126bc137639024dc4a00fc70333.jpg, 1, 0, 0, 0, 0, 0
4dab896f9dc3251d68278019ac0ccb29_jpg.rf.b976048934edb664e5a27fc7d6cf2f9c.jpg, 1, 0, 0, 0, 0, 0
fcddee5298e99b0b62d26720d85249db_jpg.rf.b9b4d15ad73fdd72b3eccd92f51ffd54.jpg, 1, 0, 0, 0, 0, 0
eb8bbeb837b00c70f0d11693a74b80b2_jpg.rf.be877bfd2122ce331c16bbf92760c751.jpg, 1, 0, 0, 0, 1, 0
e5d1160743adb22f182da43fdb4724e0_jpg.rf.bc36e24c2b23d54c5c04b7649873a1b3.jpg, 1, 0, 0, 0, 0, 0
2b9b41228e7d64a015199aa59232ccb4_jpg.rf.bac6d340f8021480e5e6e6d53c044da5.jpg, 1, 0, 0, 0, 1, 0
797aa5c2d93a10e002e43a552fa2a627_jpg.rf.bf771892d7ecba03668724970ffa7072.jpg, 1, 0, 0, 0, 0, 0
ea71211760e76e21759d5c0d37e9028f_jpg.rf.c2f7f0cf955724bfecdb9c7c93f92301.jpg, 1, 0, 0, 0, 0, 0
7ad0a4ef1fbeb60184ff0d4101c4b48f_jpg.rf.c10328771fec670d60d9cee328cfbd80.jpg, 1, 0, 0, 0, 0, 0
IMG_20210830_160303_jpg.rf.c1cdf505e02d62b0e74b3ba6dbc2cf30.jpg, 1, 0, 0, 0, 0, 0
aaecb9c319ab68da2f44cb721f85eb67_jpg.rf.c659ff501d62f9fff1481a06d6ce4590.jpg, 1, 0, 0, 0, 0, 0
ce961a85846625ece0e1b6c6267416b3_jpg.rf.c1b6dcd2cc087d6d5ecaa99e86ec0049.jpg, 1, 0, 0, 0, 0, 0
2514b0da6b79faee129a8555a6f28e1f_jpg.rf.bc887bb43bffb40adc7a667a6b093a0b.jpg, 1, 0, 0, 0, 0, 0
photo_2024-07-15_14-02-06_jpg.rf.c0b5e6c007643d61b5dcb9332f49444e.jpg, 1, 0, 0, 0, 0, 0
bc481b0c68e86efdea5bd8948836d8e2_jpg.rf.c1b4b4153feb7f3277b1ae86df4dd45a.jpg, 1, 0, 0, 0, 0, 0
photo_2024-07-11_15-19-10_jpg.rf.c14d69a87e52fb26064cb1c4b7295d27.jpg, 1, 0, 0, 0, 0, 0
ba136e5d537c535bd4123151e24c12b1_jpg.rf.c460e7c7f00ee9ccd1402ecbc4844067.jpg, 1, 0, 0, 0, 0, 0
65aa8caf1f4d294504bff1fc6f654971_jpg.rf.ba48b4e84ac65ff59782fa1950e26ebc.jpg, 1, 0, 0, 0, 0, 0
df5c7bd62bdad9ecf6fccad73aba4436_jpg.rf.c1e8087f2df4bcfb18282ef0199ba4f6.jpg, 1, 0, 0, 0, 0, 0
b154f7d467f387b78927fafd4f7420b5_jpg.rf.bf1573a6a991d0e3aa42f7092b761141.jpg, 1, 0, 0, 0, 0, 0
0b4b20f816edeae7078b08d20b748bbf_jpg.rf.c07b83c6afccb402abe63bcd38807acd.jpg, 1, 0, 0, 0, 0, 0
c01a97f82d00b48409195b2a3903063a_jpg.rf.c293ebc25ca840139a8b4086f0182bc1.jpg, 1, 0, 0, 0, 0, 0
6ab77c7e78a65a271395241a130319f2_jpg.rf.c178ebe71e293180bd16247969677334.jpg, 1, 0, 0, 0, 0, 0
9e69ad2fe9de335eea6b5fff89107e89_jpg.rf.c5429ae6049b4230cbb1657a16d20957.jpg, 1, 0, 0, 0, 0, 0
ibmpki8n9vf61_jpg.rf.c6557618c7cd5ddccd17bfcc8d5fa1ac.jpg, 1, 0, 0, 0, 0, 0
1d47d8d7e4c5947355c347d37de75d2e_jpg.rf.c81c4da777f8a46106c6511e3bdb4477.jpg, 1, 0, 0, 0, 0, 0
8b46ae5dfc5a6d0fd11cc929217996fb_jpg.rf.b6dca0c98950f6e3d02e7fb23c58bef3.jpg, 1, 0, 0, 0, 0, 0
4fc246c6e5430103fc64f4683f434de5_jpg.rf.c29c7ffd39cf3c117c70eca1f6459aed.jpg, 1, 0, 0, 0, 0, 0
7fea79bb1b2e6131e8fc0b962f2d1789_jpg.rf.c89d9eaa4c09216d3ea725ce8830552c.jpg, 1, 0, 0, 0, 0, 0
IMG20240725191222_jpg.rf.c203fea73464c0aae8a4df432a1652a8.jpg, 1, 0, 0, 0, 0, 0
f11afcd8bbed6cb789ce2a7366e4f1d7_jpg.rf.c64d153451580d8ff6bd756640f7d209.jpg, 1, 0, 0, 0, 0, 0
7c7239f012a66068ae1b5faeb9bc2bea_jpg.rf.cbd17d9ad00638dabbea5da689ef82c5.jpg, 1, 0, 1, 0, 0, 0
photo_2024-07-11_15-19-14_jpg.rf.ca400638a7713423d675c92a10ab1729.jpg, 1, 0, 0, 0, 0, 0
4614421ed4c1876747fc617dcd9c8127_jpg.rf.ca1c4d40ed20536db186ad2596afc791.jpg, 1, 0, 0, 0, 0, 0
fed6b7b5f65d06d1148fa9b2945fb0b4_jpg.rf.cb783cb9ecf9ad3b321eb80afde5499f.jpg, 1, 0, 0, 0, 0, 0
8b82c21b213fa0d718d8d1c5f7963236_jpg.rf.c8f9e82a4a4e12bfa123483eb34fb372.jpg, 1, 0, 0, 0, 0, 0
IMG_7798_jpg.rf.c8c53770792b0cc5ff00ba68fbea88e4.jpg, 1, 0, 0, 0, 0, 0
fd64a07196d2ff0c70dc88aaa8e7a5c4_jpg.rf.cc0a3537224cfe01a3187128e2eeb25c.jpg, 1, 0, 1, 0, 0, 0
62_jpg.rf.ca19f5b994ad7e9ad432055941d60321.jpg, 1, 0, 0, 0, 0, 0
6b8449aaa3af06975a77d8020138ff96_jpg.rf.c885a9114f9ba4ff3b8970d47f6d5152.jpg, 1, 0, 0, 1, 0, 0
0ee9f337a3e48c7229cdea304720b67f_jpg.rf.c9bf01b21e7a293c4c1d6d192469c634.jpg, 1, 0, 0, 0, 0, 0
b506963a7fd6f57e82440d20afa57fbf_jpg.rf.ca872d2ac11972c9424b45efab1b3393.jpg, 1, 0, 0, 0, 0, 0
fe15ec9f175d080792b8af0f2fd4484c_jpg.rf.c8eaa4b4692e97a6b06b1d3da13c34d3.jpg, 1, 0, 0, 0, 0, 0
b602204f1c0bc763ca31011c04fcac4c_jpg.rf.cdba51a0467859d1f67e9cba12777d52.jpg, 1, 0, 0, 0, 0, 0
602d54958e5538a5dbec223089b464f4_jpg.rf.cd9734c3f9243e39d0e0e9e0ef550bab.jpg, 1, 0, 0, 0, 0, 0
a4627e9b2edffc4cf15c3bc3934b692b_jpg.rf.c8f30ab4b9004fc030b517de47e0c6a6.jpg, 1, 0, 0, 0, 0, 0
1268532dff8e7e58a0ae03054a1b2a1a_jpg.rf.cd8a9f79f9eb03d7eef552a9009fcbf3.jpg, 1, 0, 0, 0, 0, 0
c927e41de5e86ea97cd99b22093093af_jpg.rf.c95db9e34046e83ffb55c75d1b39a9b0.jpg, 1, 0, 0, 0, 0, 0
f3ed696612d766db0df8d2c4ee98e0e5_jpg.rf.cba1f1e4cdce26a98558e859d4a2a7a3.jpg, 1, 0, 0, 0, 0, 0
b8053834f8ddfeb59d24cd4a1fc6e75e_jpg.rf.cea825cc56273e48b1d036f6bb647091.jpg, 1, 0, 0, 0, 0, 0
f4143c42acd9f6539e832e7d21feeb75_jpg.rf.cdfba2ed359c479dcb38a1a9323d699e.jpg, 1, 0, 0, 0, 0, 0
da0123a0aaf3670f911fcc76887eb94b_jpg.rf.ca1815cd1f7d372ad5429bc6fe059de5.jpg, 1, 0, 0, 0, 0, 0
photo_2024-07-12_17-11-55_jpg.rf.cce614c6594de1798fa7f7a7f5da2726.jpg, 1, 0, 0, 0, 0, 0
PXL_20240222_221624119_jpg.rf.cca59914bb721c2125a3407292500d5d.jpg, 1, 0, 0, 0, 0, 0
412Vhb1uKML-_AC__jpg.rf.c3a746967562f6657af0e59d8a12921d.jpg, 1, 0, 0, 0, 0, 0
1478ce3f7a855893503af42fbf83b4a8_jpg.rf.cd0ab24cc9444fddcd6cbea37ba675eb.jpg, 1, 0, 0, 0, 0, 0
5298d9727e6f17d318a050229e9b3b5e_jpg.rf.ce9d5f4f31ef6627f927e136cc343b19.jpg, 1, 0, 0, 0, 0, 0
222490a242b746b114aa85b19cfaff22_jpg.rf.ce408b089688cd349298728d1f772f7a.jpg, 1, 0, 0, 0, 0, 0
0a027c7603e08c0c282af20cb67e1564_jpg.rf.cf97c3243250c200fcac2b942c3eff41.jpg, 1, 0, 0, 0, 1, 0
9606a3ec79e819fdc46859e995640ccc_jpg.rf.ce295f330270fdd915fcfb798c27c71b.jpg, 1, 0, 0, 0, 0, 0
62zeivleet051_jpg.rf.c9bd7317498076a2df284e9d2e0eddc8.jpg, 1, 0, 0, 0, 0, 0
64ab0162ec10003958bbb53118858d13_jpg.rf.ce5726f136247b2c79dd8125b0e3ef86.jpg, 1, 0, 0, 0, 0, 0
f1ad75f2de4f7d9a26be273c33c3b414_jpg.rf.cc119a153836e4a5fe7331600de96b3c.jpg, 1, 0, 0, 0, 0, 0
c78f62166fa3f5f36493c86332f5cd70_jpg.rf.d087e548b944b90cbb7e731a0acafcf9.jpg, 1, 0, 0, 0, 0, 0
07019e1f02736152774ecf79b9c83ee8_jpg.rf.d0e354509215e3ccbf645a9c9ee5d6dd.jpg, 1, 0, 0, 0, 0, 0
fa7fec78d66782dd240a138ca5fff3e9_jpg.rf.d0e8a9fbb280bb286e82eb834f93869c.jpg, 1, 0, 0, 0, 0, 0
adf7530f7fe77b729af4f3526fe299a5_jpg.rf.cfb414d6ed1a36d9e0482ac87fc9a675.jpg, 1, 0, 0, 0, 0, 0
22a997b747b10286cbf86689ff985d23_jpg.rf.d08613e99a6c876e32aa57024a28c612.jpg, 1, 0, 0, 0, 0, 0
owBn2AzibDsNTAkMdny1ERChAvNfE6yIgIoBY8-tplv-tej9nj120t-shrink_640_0_q50_jpg.rf.d27bfe58c87c99eee7dcd7bdf6eb4bc0.jpg, 1, 0, 0, 0, 0, 0
photo_2024-07-11_15-19-24_jpg.rf.cf9583b07692dfe194ccbab6f16c3121.jpg, 1, 0, 0, 0, 0, 0
6a0fdb44708dee5a0ea32cdd78fe7f8b_jpg.rf.d2c9f85d2e4106c5996a44e39dd84b68.jpg, 1, 0, 0, 0, 0, 0
57f41330f474c6a8f1f3b6227627751a_jpg.rf.d1b065d03571616a9790d648c23298ff.jpg, 1, 0, 0, 0, 0, 0
c23cb284d2fff61dd9bd66dd919ace2f_jpg.rf.ce3e7c13845c4d535a101fa7bfc3f6b1.jpg, 1, 0, 0, 0, 0, 0
IMG_5095_JPEG_jpg.rf.cf10d1fa74445b348b1160af19b046a8.jpg, 1, 0, 0, 0, 0, 0
921cab045e47b2ac734ce3ae7356a114_jpg.rf.d14de814130714454eb7b45cf520a5a5.jpg, 1, 0, 0, 0, 0, 0
45ea72ec253e127c9f0fbe0696079352_jpg.rf.cff8664c6e4cd34540cc1e832bb2532f.jpg, 1, 0, 0, 0, 0, 1
cff38964e12ae8b4df66a632a5e74c08_jpg.rf.d359dd52bcfda486da7c0aa38403c327.jpg, 1, 0, 0, 0, 0, 0
b2ea8e4310cd563439edbc16df441833_jpg.rf.d1525e977127f41b6afac44bda974559.jpg, 1, 0, 0, 0, 0, 0
photo_2024-07-12_17-11-53-7-_jpg.rf.d2963012c0399c0e374692639082598b.jpg, 1, 0, 0, 0, 0, 0
35d1b9eabe2f1d81db2264f4e3729067_jpg.rf.d375d5854b17c9e0b913cad233f720b1.jpg, 1, 0, 0, 0, 0, 0
819f99802714cfb35662b85cdb21671f_jpg.rf.d3b6285d53dae2432b8f954f13aa07c6.jpg, 1, 0, 0, 0, 0, 0
4c259697b70c6075c1c636855277247c_jpg.rf.ceee41f1954d0c1f89b4c1f158825c72.jpg, 1, 0, 0, 0, 0, 0
b43d1ab2b911e30da83d3fb317e03ba2_jpg.rf.d2b7cb8674d200516d78bd306d761ff8.jpg, 1, 0, 0, 0, 0, 0
19c2cd56c06a65a81dc1fc1408a6ba03_jpg.rf.d4283a78cc9da40f6c07b7d9e1634bf3.jpg, 1, 0, 0, 0, 0, 0
20241008_145538_jpg.rf.d376619acc343bef7aaef6d9ee20bf5f.jpg, 1, 0, 0, 0, 0, 0
378485396_122114529440031955_4221605903361891144_n_jpg.rf.d4506ddbaf87edc66d3bff2cf72b57f0.jpg, 1, 0, 0, 0, 0, 0
45a067d81f1c1fae736a8a677c947836_jpg.rf.d4361b1e9c7bfe18553a80e67454fef7.jpg, 1, 0, 0, 0, 0, 0
9dfc2482a382bc567bc9d9ad3f74f63c_jpg.rf.d461ccb90ad7fa09958f16aa76690923.jpg, 1, 0, 0, 0, 0, 0
photo_2024-07-15_14-01-46_jpg.rf.d665d9a21c2e3d71716bd4c0e69ccd81.jpg, 1, 0, 0, 0, 0, 0
IMG_20240708_183749_jpg.rf.d63c17015d7fbe6d025f3b5233b4b733.jpg, 1, 0, 0, 0, 0, 0
e2c494acbca8ffff9803e4beb5ca748d_jpg.rf.d55dd85b5fedaeb0e3e28f7296df53ed.jpg, 1, 0, 0, 0, 0, 0
21cbb86f79e559ef92f29c5b9504e2c4_jpg.rf.d2ef9455ba96d42b12ec99535d1f77a5.jpg, 1, 0, 1, 0, 1, 0
d23c376e30e7af471b90f2bdb6c1273a_jpg.rf.d44fc0939e58db743bf31ecce563e6e7.jpg, 1, 0, 0, 0, 0, 1
IMG_20240708_182931_jpg.rf.d43e2fa39f5f84974cadffe25363e2b2.jpg, 1, 0, 0, 0, 0, 0
0a54294f8cc358bca78db5cf674bfb93_jpg.rf.cfaabb670102833bd63026c6e49a04af.jpg, 1, 0, 0, 0, 0, 0
4df72e010ff025fcd057f7a914cb74af_jpg.rf.d558a3f833306a797da7df862770ada5.jpg, 1, 0, 0, 0, 1, 1
IMG_4873_JPEG_jpg.rf.d695c5a0826b1d5743999b779fd6b44c.jpg, 1, 0, 0, 0, 0, 0
7440f6496d62c730958ce83ce732465f_jpg.rf.d6e73c6dba1763a0d259719a46192b67.jpg, 1, 0, 0, 0, 0, 0
25029a6b62420687b7ca4a4a06a69a61_jpg.rf.d3e912d1cdc0167ff1a06d49f79f84c5.jpg, 1, 0, 0, 0, 0, 0
105a925d74f3cc603a696a4ac710032b_jpg.rf.d3017af46f329d6d99e16bcc940566ce.jpg, 1, 0, 0, 0, 0, 0
7c19a0608f140625817b72db2d1f65f8_jpg.rf.d44f918137a5d9296a78afd84b1b2e1e.jpg, 1, 0, 0, 0, 0, 0
9a425cd3b3d6cc34d325187809b0d537_jpg.rf.d7b3401be8691e761fabd41140fcf013.jpg, 1, 0, 0, 1, 0, 0
0335af0a60c33316da6c3cea891f5e0a_jpg.rf.d9fe2832ae2e214a57589b59c5f0b06e.jpg, 1, 0, 0, 0, 0, 0
090746e2487f1ecc8b409ffac285bc91_jpg.rf.d92d3a49b43c4d2f8db0533b478bdba1.jpg, 1, 0, 0, 0, 0, 0
c316e8d16eb36c5c2638463ea2e28e72_jpg.rf.d970c32c10e56cd9b61f2375fa4714de.jpg, 1, 0, 0, 0, 0, 0
7dd19a25eb7adad0da4f4300a67cc543_jpg.rf.d91f7cd3960455eead74f78b8b52d1ab.jpg, 1, 0, 0, 0, 0, 0
4d4c13ad5f6f6ebb6239549a0d45b9fc_jpg.rf.d8bce523050731c0261b0cbd4c5dbe2f.jpg, 1, 0, 0, 0, 0, 0
9d258a03e4514a5f0c0cf2c591bf0092_jpg.rf.d770ee6bdb966bfcb78bba28ad43b12a.jpg, 1, 0, 0, 0, 0, 0
34e2f9ccac4b4fef5377c82a2016a3d4_jpg.rf.d84f8697c02612cb8b9189e47fba69f2.jpg, 1, 0, 0, 0, 0, 0
ba0b811b5c07df3bf3a4ef3cda2b0ac6_jpg.rf.d9723b77042fc72b631f8a85aa397f85.jpg, 1, 0, 0, 0, 0, 0
d31dfdb63845f2a80aaad60db7a0679d_jpg.rf.d8ef800d483c76cc5b1f09ee1c5a71d6.jpg, 1, 0, 0, 0, 0, 0
99305ffa3142035c9f26d929ef793401_jpg.rf.dcc5bb794219b39550c5e884da345cac.jpg, 1, 0, 0, 0, 0, 0
07eecdbf021dcdba4759ad7a9c782180_jpg.rf.ddefe5ec5541a8b8dc00a97c33081f05.jpg, 1, 1, 0, 0, 1, 1
photo_2024-07-11_15-19-21_jpg.rf.dd36efd2b781f73bd1b0b8031e55607c.jpg, 1, 0, 0, 0, 0, 0
2282e81ad66feea630088cef482bf895_jpg.rf.dc8811d12b32781423e684a2b7654811.jpg, 1, 0, 0, 0, 0, 0
f4c27f5bde20c1c662c43501c9850ef2_jpg.rf.de3de6f153d1647b0981eed716eedfe8.jpg, 1, 0, 0, 0, 0, 0
IMG_20240708_183653_jpg.rf.dd822b16a5b96cd7a47bccf3f851ffe5.jpg, 1, 0, 0, 0, 0, 0
66bdacd4099cf7d23925d6e92946acfe_jpg.rf.db3160fa0a4002b8caa99be98fdbb8bd.jpg, 1, 0, 0, 0, 0, 0